need_id,column_name,display_text
N01,public_medical_usage_2,公費医療の利用 ②感染症医療費
N01,public_system_usage_2,公費制度の利用 ②療育手帳
N01,economic_status_1_2, 1. この1年で家計に困ったことは？ 年２~３回
N01,economic_status_1_3, 1. この1年で家計に困ったことは？ 年４~５回
N01,economic_status_1_4, 1. この1年で家計に困ったことは？ 年６回以上
N01,economic_status_2_2, 2. 給与日前に困ったことは？ 年２~３回
N01,economic_status_2_3, 2. 給与日前に困ったことは？ 年４~５回
N01,economic_status_2_4,2. 給与日前に困ったことは？ 年６回以上
N02,room_cleanliness_1b,居室の清潔　掃除はされず、ごみが散らかっている
N02,room_cleanliness_2a,居室の清潔　室内は汚く、ごみや排泄物で不衛生な状態
N02,room_safety_level_1,住居環境の状況　住居が機能的・安全でない個所の改修を希望、家族人数には見合った広さである
N02,room_safety_level_2,住居環境の状況　住居が機能的でなく障害物状態だが改修-整理を希望しない、家族人数に見合った広さでない
N02,reform_need_1,住環境の改修 必要あり
N02,reform_place_room,住環境改修　居室
N02,reform_place_bathroom,住環境改修　浴室
N02,reform_place_datsuishitsu,住環境改修　脱衣室
N02,reform_place_bathtub,住環境改修　浴槽
N02,reform_place_toilet,住環境改修　トイレ
N02,reform_place_benki,住環境改修　便器
N02,reform_place_hallway,住環境改修　廊下
N02,reform_place_entrance,住環境改修　玄関
N02,reform_place_garden,住環境改修　庭
N02,reform_place_stairs,住環境改修　階段
N02,reform_place_other,住環境改修　その他
N02,care_tool_need_1,介護用具の必要 必要あり
N02,care_tool_type_move,介護用具　移動用具
N02,care_tool_type_life,介護用具　生活用具
N02,care_tool_type_assist,介護用具　介助用具
N02,equipment_need_1,生活設備の改修 必要あり
N02,equipment_type_life_tool,生活設備　障害者用生活用具
N02,equipment_type_electric,生活設備　電気
N02,equipment_type_aircon,生活設備　冷暖房機
N02,equipment_type_elevator,生活設備　エレベータ
N02,equipment_type_other_flag,生活設備　その他
N02,equipment_type_other,生活設備　その他（詳細）
N02,social_service_usage_2,介護保険サービス利用の判断　介護・社会的サービスの制度や内容を知らない、導入の理解や判断には支援が必要
N02,social_service_usage_3,介護保険サービス利用の判断　介護・社会的サービスの制度や内容を知っていて使っていない、拒否している
N03,care_burden_feeling_2,介護をしていて不安やイライラ・疲れ・怒りの気持ちがありますか　軽く思う
N03,care_burden_feeling_3,介護をしていて不安やイライラ・疲れ・怒りの気持ちがありますか　かなり思う
N03,care_burden_feeling_4,介護をしていて不安やイライラ・疲れ・怒りの気持ちがありますか　非常に思う
N03,care_burden_health_2,介護が始まり、自分の体調や健康に影響がありますか　軽く思う
N03,care_burden_health_3,介護が始まり、自分の体調や健康に影響がありますか　かなり思う
N03,care_burden_health_4,介護が始まり、自分の体調や健康に影響がありますか　非常に思う
N03,care_burden_life_2,介護をしていて家族や友人との付き合いに支障をきたしていますか 軽く思う
N03,care_burden_life_3,介護をしていて自分の生活に影響がありますか　かなり思う
N03,care_burden_life_4,介護をしていて自分の生活に影響がありますか　非常に思う
N03,care_intention_2,介護をしていて自分の趣味や社会参加に支障を来たしていますか 軽く思う    
N03,care_intention_3,介護をしていて自分の趣味や社会参加に支障を来たしていますか かなり思う
N03,care_intention_4,介護をしていて自分の趣味や社会参加に支障を来たしていますか 非常に思う
N03,care_burden_impact_2,介護のために自分の仕事に影響がでていますか 軽く思う
N03,care_burden_impact_3,介護のために自分の仕事に影響がでていますか かなり思う
N03,care_burden_impact_4,介護のために自分の仕事に影響がでていますか 非常に思う
N03,care_intention_2,今後の介護について 様子を見ながらつづけるか判断したい
N03,care_intention_3,今後の介護について 兄弟・姉妹等介護の代役を予定している
N03,care_intention_4,今後の介護について 施設を考えているが手続きはしていない
N03,care_intention_5,今後の介護について 在宅の継続は考えていない、施設入所を申し込み順番を待っている
N03,abuse_injury_2,創傷の発生（身体的虐待）　　既に治った創傷はあるが新たなものはない
N03,abuse_injury_3,創傷の発生（身体的虐待）　　様々な治癒段階の傷や骨折がある
N03,abuse_injury_4,創傷の発生（身体的虐待）　　多くの創傷や骨折がある
N03,neglect_hygiene_2,身体の不衛生（ケアの放置）　既に治った発疹・感染はあるが新たなものはない
N03,neglect_hygiene_3,身体の不衛生（ケアの放置）　不衛生による発疹や感染が様々にある
N03,neglect_hygiene_4,身体の不衛生（ケアの放置）　多くの不衛生による発疹や感染がある
N03,psychological_abuse_2,言葉による攻撃や否定的メッセージの持続（心理的虐待）　過去言葉の攻撃や否定的メッセージがあったが新たなものはない
N03,psychological_abuse_3,言葉による攻撃や否定的メッセージの持続（心理的虐待）　時に言葉の攻撃または否定的メッセージをおこなっている
N03,psychological_abuse_4,言葉による攻撃や否定的メッセージの持続（心理的虐待）　数多く言葉の攻撃または否定的メッセージをおこなっている
N03,neglect_care_2,介護等世話の放棄（ネグレクト）/ 拘束　過去介護放棄・拘束の状態があったが新たなものはない
N03,neglect_care_3,介護等世話の放棄（ネグレクト）/ 拘束　時に介護を放棄・拘束している
N03,neglect_care_4,介護等世話の放棄（ネグレクト）/ 拘束　殆ど介護されず放棄・拘束状態となっている
N03,sexual_abuse_2,性的暴力　過去性的暴力にあったが新たなものはない
N03,sexual_abuse_3,性的暴力　時に性的暴力をおこなっている
N03,sexual_abuse_4,性的暴力　頻繁に性的暴力をおこなっている
N03,financial_abuse_2,金銭的な受け渡しの参加　過去に金銭的な受け渡しのトラブルにあったが新たなものはない
N03,financial_abuse_3,金銭的な受け渡しの参加　時に金銭的な受け渡しのトラブル行為が周囲により行われている
N03,financial_abuse_4,金銭的な受け渡しの参加  頻繁に金銭的な受け渡しのトラブル行為がおこなわれている
N03,care_burden_1_working,介護負担1　就労中
N03,care_burden_1_studying,介護負担1　就学中
N03,care_burden_1_elderly,介護負担1　高齢
N03,care_burden_1_disabled,介護負担1　要介護状態・病弱・認知症・身体障碍等
N03,care_burden_1_pregnant,介護負担1　妊娠
N03,care_burden_1_childcare,介護負担1  育児中
N03,care_burden_2_working,介護負担2　就労中
N03,care_burden_2_studying,介護負担2　就学中
N03,care_burden_2_elderly,介護負担2　高齢
N03,care_burden_2_disabled,介護負担2　要介護状態・病弱・認知症・身体障碍等
N03,care_burden_2_pregnant,介護負担2　妊娠
N03,care_burden_2_childcare,介護負担2　育児中
N03,care_burden_3_working,介護負担3　就労中
N03,care_burden_3_studying,介護負担3　就学中
N03,care_burden_3_elderly,介護負担3　高齢
N03,care_burden_3_disabled,介護負担3　要介護状態・病弱・認知症・身体障碍等
N03,care_burden_3_pregnant,介護負担3　妊娠
N03,care_burden_3_childcare,介護負担3　育児中
N03,care_burden_4_working,介護負担4　就労中
N03,care_burden_4_studying,介護負担4　就学中
N03,care_burden_4_elderly,介護負担4　高齢
N03,care_burden_4_disabled,介護負担4　要介護状態・病弱・認知症・身体障碍等
N03,care_burden_4_pregnant,介護負担4　妊娠
N03,care_burden_4_childcare,介護負担4　育児中
N04,alcohol_problem_1,飲酒の問題　過去にトラブルあり
N04,alcohol_problem_2,飲酒の問題　現在トラブルあり
N04,alcohol_problem_3,飲酒の問題　10年以上の多量飲酒
N04,who_alcohol_criteria_1,WHO飲酒基準　1.お酒を飲めない状況でも強い飲酒欲求を感じたことがある
N04,who_alcohol_criteria_2,WHO飲酒基準　2.自分の意思に反して、酒を飲み始め、予定より長時間飲み続けたことがある。また予定よりたくさん飲んだことがある
N04,who_alcohol_criteria_3,WHO飲酒基準　3.酒の量を減らしたり、やめたりの時、手が震える、汗をかく、眠れない、不安になるなどの症状が出たことがある
N04,who_alcohol_criteria_4,WHO飲酒基準　4.飲酒を続けることでお酒に強くなった、あるいは、高揚感を得るのに必要なお酒の量が増えた
N04,who_alcohol_criteria_5,WHO飲酒基準　5.飲酒のために仕事、付き合い、趣味、スポーツなどの大切なことをあきらめたり、大幅に減らした
N04,who_alcohol_criteria_6,WHO飲酒基準　6.お酒の飲みすぎによる身体や心の病気がありながら、またそれがお酒の飲みすぎのせいだと知りながら、それでもお酒を飲み続けた
N04,who_alcohol_result_1,WHO飲酒判定　1～2項目あり（生活指導）
N04,who_alcohol_result_2,WHO飲酒判定　3項目以上あり（治療等の勧め）
N04,smoking_habit_1,喫煙習慣　あり
N04,sleep_quality_1,睡眠と休息　日中/夜間の睡眠をとっているが休息感がない
N04,sleep_quality_2,睡眠の質　日中/夜間の睡眠をとれず中休息感がない
N04,sleep_quality_3,睡眠の質　睡眠のパターンがない、日中眠すぎて夜眠れない、夜間眠れず休息感がない
N04,fatigue_1,疲労感　あり（身体や精神的に）
N04,fatigue_detail_だるい,疲労感　だるい
N04,fatigue_detail_疲れやすい,疲労感　疲れやすい
N04,fatigue_detail_疲れが残ってる,疲労感　疲れが残ってる
N04,fatigue_detail_慢性的に疲れている,疲労感　慢性的に疲れている
N04,allergy_1,アレルギー　あり
N04,allergy_detail_食物,アレルギー　食物
N04,allergy_detail_薬,アレルギー　薬
N04,allergy_detail_植物花粉,アレルギー　植物花粉
N04,allergy_detail_金属,アレルギー　金属
N04,allergy_detail_ハウスダスト,アレルギー　ハウスダスト
N04,allergy_detail_衣類,アレルギー　衣類
N04,allergy_detail_その他,アレルギー　その他
N04,allergy_other,アレルギー　その他（詳細）
N04,physical_activity_1,身体活動・運動　ねたきり・動きたくない・座るのもいや・運動習慣がない
N05,bmi_category_2,BMI区分 30.0～34.99：肥満1度
N05,bmi_category_3,BMI区分 35.0~39.99：肥満2度
N05,bmi_category_4,BMI区分 40.0以上：肥満3度
N05,bmi_category_5,BMI区分 17.0～18.49：痩せぎみ
N05,bmi_category_6,BMI区分 16.0～16.99：痩せ
N05,bmi_category_7,BMI区分 16.0未満：痩せすぎ
N05,weight_change_1,ここ1ヶ月（30日）の体重変動　体重の3～5％の減（中リスク）
N05,weight_change_2,ここ1ヶ月（30日）の体重変動　体重の5％以上の減（高リスク）
N05,nutrition_self_management_2,栄養／食事の自己管理　誰かが準備した時のみ、食べやすくバランスの良い配食‣食材での食事となっている
N05,nutrition_self_management_3,栄養／食事の自己管理　全て出前やお店食で済まし、食材のバランスや食べやすさは考えていない。量が多い又は少ない
N05,nutrition_self_management_4,栄養／食事の自己管理　栄養は考えず好きなものを食べる、なれた食事パターンを変えることはしたくない
N05,dietary_therapy_1,食事療法　あり
N05,meal_frequency_1,食事回数　日2回食（朝・昼・夕）
N05,meal_frequency_2,食事回数　日1回食（朝・昼・夕）
N05,meal_frequency_3,食事回数　4回以上
N05,water_intake_1,１日の水分量（飲水・食事・点滴を含む）　少ない（1000ml未満）
N05,water_intake_2,１日の水分量（飲水・食事・点滴を含む）　非常に少ない（500ml未満）
N05,water_intake_3,１日の水分量（飲水・食事・点滴を含む）　非常に多い（3000ml以上）
N05,wound_depth_d1,褥瘡深さ　真皮までの損傷
N05,wound_depth_d3,褥瘡深さ　皮下組織までの損傷
N05,wound_depth_d4,褥瘡深さ　皮下組織を超える損傷
N05,wound_depth_d5,褥瘡深さ　関節腔、体腔に至る損傷
N05,wound_depth_dti,褥瘡深さ　深部損傷疑い(DTI)
N05,wound_depth_du,褥瘡深さ　壊死組織で覆われ深さの判定が不能
N05,wound_exudate_e1,褥瘡滲出液　少量・毎日のドレッシング交換をしない
N05,wound_exudate_e3,褥瘡滲出液　中等量・1日1回のドレッシング交換を必要とする
N05,wound_exudate_e6,褥瘡滲出液　多量・1日2回以上のドレッシング交換を必要とする
N05,wound_size_s3,褥瘡大きさ　4未満（長径cm×短径（長径と直行する最長径）cm）
N05,wound_size_s6,褥瘡大きさ　4以上16未満
N05,wound_size_s8,褥瘡大きさ　16以上36未満
N05,wound_size_s9,褥瘡大きさ　36以上64未満
N05,wound_size_s12,褥瘡大きさ　64以上100未満
N05,wound_size_s15,褥瘡大きさ　100以上
N05,wound_infection_i1,褥瘡炎症・感染　局所の炎症兆候あり（創周囲の発赤・腫脹・熱感・疼痛）
N05,wound_infection_i3,褥瘡炎症・感染　臨床的定着疑い（創面にぬめりがあり、浸出液が多い。肉芽があれば、浮腫性で脆弱など）※5
N05,wound_infection_i3c,褥瘡炎症・感染　局所の明らかな感染徴候あり（炎症兆候、膿、悪臭など）
N05,wound_infection_i9,褥瘡炎症・感染　全身的影響あり
N05,wound_granulation_g1,褥瘡肉芽組織　良性肉芽が創面の90%以上を占める
N05,wound_granulation_g3,褥瘡肉芽組織　良性肉芽が創面の50%以上90%未満を占める
N05,wound_granulation_g4,褥瘡肉芽組織　良性肉芽が創面の10%以上50%未満を占める
N05,wound_granulation_g5,褥瘡肉芽組織　良性肉芽が創面の10%未満を占める
N05,wound_granulation_g6,褥瘡肉芽組織　良性肉芽が全く形成されていない
N05,wound_necrosis_n3,褥瘡壊死組織　柔らかい壊死組織あり
N05,wound_necrosis_n6,褥瘡壊死組織　硬く厚い密着した壊死組織あり
N05,wound_pocket_p6,褥瘡ポケット　4未満
N05,wound_pocket_p6_4to16,褥瘡ポケット　4以上16未満
N05,wound_pocket_p12,褥瘡ポケット　16以上36未満
N05,wound_pocket_p24,褥瘡ポケット　36以上
N06,swallowing_1,嚥下　お茶や汁物を含ませてしまいむせ込みにくい
N06,swallowing_2,嚥下　口腔移動がうまく、呑み込むにくい
N06,swallowing_3,嚥下　おかゆ・ゼリー・とろみ食でも含ませてしまい呑み込みにくい
N06,swallowing_4,嚥下　嚥下できない
N06,oral_teeth_gum_1,開口　開口には応じないが徒手的に2横指程度開口可能（要注意）
N06,oral_teeth_gum_2,開口	食いしばりや顎関節の拘縮のため開口量が1横指程度（問題あり）
N06,oral_saliva_flow_1,口臭　口腔に近づくと口臭を感じる（要注意）
N06,oral_saliva_flow_2,口臭　室内に口臭由来のにおいを感じる（問題あり）
N06,oral_dryness_1,よだれ　なし　嚥下反射の低下を疑うが、よだれなし（要注意）
N06,oral_dryness_2,よだれ　あり　嚥下反射の低下による（問題あり）
N06,oral_saliva_1,口腔乾燥度・唾液　唾液あり・唾液が少なくネバネバ（要注意）
N06,oral_saliva_2,口腔乾燥度・唾液　明らかに抵抗が増し、粘膜にくっつきそうになる・唾液が少なくカラカラ（問題あり）
N06,oral_denture_condition_1,歯・義歯　部分的に歯垢や食物残渣がある・動揺する歯があるが、ケアの妨げにならない程度（要注意）
N06,oral_denture_condition_2,歯・義歯　歯垢・歯石が多量に付着・抜けそうな歯がある（問題あり）
N06,oral_tongue_1,粘膜全体　乾燥・発赤など色調のの変化（要注意）
N06,oral_tongue_2,粘膜全体　自然出血、潰瘍、カンジダ、気道分泌物剥離上皮、凝血の塊などが目立ち、強固に付着（問題あり）
N06,oral_tongue_surface_1,舌　乳頭が明確でなくテカリがある(舌苔ができ白い)、乳頭ない(平滑舌)（要注意）
N06,oral_tongue_surface_2,舌　水疱/ひび割れている（問題あり）
N06,oral_mucosa_1,口腔　亀裂あり　口角炎（要注意）
N06,oral_gum_1,歯肉　浮腫、ブラッシングで出血、発赤（要注意）
N06,oral_gum_2,歯肉　自然に出血、圧すと出血（問題あり）
N07,room_cleanliness_1b,居室の清潔　掃除はされず、ごみが散らかっている
N07,room_cleanliness_2a,居室の清潔　室内は汚く、ごみや排泄物で不衛生な状態
N07,oral_saliva_flow_1,口臭　口腔に近づくと口臭を感じる（要注意）
N07,oral_saliva_flow_2,口臭　室内に口臭由来のにおいを感じる（問題あり）
N07,oral_dryness_1,よだれ　なし　嚥下反射の低下を疑うが、よだれなし（要注意）
N07,oral_dryness_2,よだれ　あり　嚥下反射の低下による（問題あり）
N07,oral_saliva_1,口腔乾燥度・唾液　唾液あり・唾液が少なくネバネバ（要注意）
N07,oral_saliva_2,口腔乾燥度・唾液　明らかに抵抗が増し、粘膜にくっつきそうになる・唾液が少なくカラカラ（問題あり）
N07,skin_nail_care_1,清潔・整容　時折、入浴（シャワー浴）・保清・シャンプー・髭剃・整髪・更衣ができるが、肌に汚れが目立つ
N07,skin_nail_care_2,清潔・整容　たまに、入浴（シャワー浴）・保清・シャンプー・髭剃・整髪・更衣ができるが、汚れが目立つ
N07,skin_nail_care_3,清潔・整容　めったに、入浴（シャワー浴）・保清・シャンプー・髭剃・整髪・更衣をせず、汚れている
N07,bedsore_wound_1, 皮膚・爪の状態　全身の皮膚や爪の汚れ、発赤、湿疹、水疱、かゆみ、発汗、悪臭、ドライスキンなくきれいである
N07,bedsore_wound_2, 皮膚・爪の状態　足の色の変化、冷感、足背動脈や後脛骨動脈の拍知、痛みや知覚障がいがある
N07,bedsore_wound_3, 皮膚・爪の状態　爪白癬、まき爪、肥厚爪（肥厚爪甲）、脚趾、壊疽、外反母趾、内反小趾、
N08,urination_status_1,尿の状態　問題あり(血が混じっている・濁っている・フワフワ浮いているものがある・強い尿臭あり)
N08,urination_1,尿意　あり
N08,urination_frequency_1,尿の回数　１日１～２回
N08,urination_frequency_2,尿の回数　昼間８回以上・夜間３回以上
N08,urination_control_1,排尿のコントロール　くしゃみ・咳で漏れる、トイレに間に合わない、下腹部に違和感がある
N08,urination_control_2,排尿のコントロール　いつもお腹に力を入れいきんで出している、残尿感がある、陰部が痒い
N08,urination_control_3,排尿のコントロール　昼夜問わず失禁する、排尿痛がある、下腹部が痛い
N08,defecation_status_a,便の状態　問題あり　コロコロ便
N08,defecation_status_b,便の状態　問題あり　凸凹した硬い便
N08,defecation_status_c,便の状態　問題あり　軟らかすぎていない状態
N08,defecation_status_d,便の状態　問題あり　水様便
N08,defecation_status_e,便の状態　問題あり　色がついている便（あざやかな赤色、白色、黒色、鉛色、黄色、赤褐色）
N08,defecation_frequency_1,排便の周期　排便の周期がなく　お腹が張って苦しい
N08,defecation_frequency_2,排便の周期　決まった時間（食後）に排便訓練をしていないので便秘となっている
N08,defecation_control_1,排便コントロール　通常は便失禁しない（まれにある）
N08,defecation_control_2,排便コントロール　月に何回か失禁するが毎週ではない
N08,defecation_control_3,排便コントロール　週に1回以上失禁するが、若干コントロールが保たれている
N08,defecation_control_4,排便コントロール　完全な失禁状態（コントロールできない）で汚れてしまう
N08,defecation_method_1,排便の調整方法　食事や水分・腸の刺激、排便訓練など、時々の下剤で調整できている
N08,defecation_method_2,排便の調整方法　下剤、敵便、浣腸等で主に調整。食事、運動、排便訓練はたまに行う
N08,defecation_method_3,排便の調整方法　一貫して下剤・敵便・浣腸で調整。食事、水分、運動、排便訓練はほとんど行う
N08,defecation_method_4,排便の調整方法　多剤の下剤使用、食事、水分、運動等の刺激・調整が全くない
N09,bedsore_wound_1,皮膚・爪の状態　全身の皮膚や爪の汚れ、発赤、湿疹、水疱、かゆみ、発汗、悪臭、ドライスキンなくきれいである
N09,bedsore_wound_2,皮膚・爪の状態　足の色の変化、冷感、足背動脈や後脛骨動脈の拍知、痛みや知覚障がいがある
N09,bedsore_wound_3,皮膚・爪の状態　爪白癬、まき爪、肥厚爪（肥厚爪甲）、脚趾、壊疽、外反母趾、内反小趾、
N09,skin_condition_1,創傷　傷が治るために盛り上がった肉のかたまりができている
N09,skin_condition_2,創傷　盛り上がった新しい肉のかたまりができはじめたばかり
N09,skin_condition_3,創傷　治療はしていない、放置状態である
N09,urination_control_1,排尿のコントロール　くしゃみ・咳で漏れる、トイレに間に合わない、下腹部に違和感がある
N09,urination_control_2,排尿のコントロール　いつもお腹に力を入れいきんで出している、残尿感がある、陰部が痒い
N09,urination_control_3,排尿のコントロール　昼夜問わず失禁する、排尿痛がある、下腹部が痛い
N09,defecation_control_1,排便コントロール　通常は便失禁しない（まれにある）
N09,defecation_control_2,排便コントロール　月に何回か失禁するが毎週ではない
N09,defecation_control_3,排便コントロール　週に1回以上失禁するが、若干コントロールが保たれている
N09,defecation_control_4,排便コントロール　完全な失禁状態（コントロールできない）で汚れてしまう
N09,wound_depth_d1,褥瘡深さ　真皮までの損傷
N09,wound_depth_d3,褥瘡深さ　皮下組織までの損傷
N09,wound_depth_d4,褥瘡深さ　皮下組織を超える損傷
N09,wound_depth_d5,褥瘡深さ　関節腔、体腔に至る損傷
N09,wound_depth_dti,褥瘡深さ　深部損傷疑い(DTI)
N09,wound_depth_du,褥瘡深さ　壊死組織で覆われ深さの判定が不能
N09,wound_exudate_e1,褥瘡滲出液　少量・毎日のドレッシング交換をしない
N09,wound_exudate_e3,褥瘡滲出液　中等量・1日1回のドレッシング交換を必要とする
N09,wound_exudate_e6,褥瘡滲出液　多量・1日2回以上のドレッシング交換を必要とする
N09,wound_size_s3,褥瘡大きさ　4未満（長径cm×短径（長径と直行する最長径）cm）
N09,wound_size_s6,褥瘡大きさ　4以上16未満
N09,wound_size_s8,褥瘡大きさ　16以上36未満
N09,wound_size_s9,褥瘡大きさ　36以上64未満
N09,wound_size_s12,褥瘡大きさ　64以上100未満
N09,wound_size_s15,褥瘡大きさ　100以上
N09,wound_infection_i1,褥瘡炎症・感染　局所の炎症兆候あり（創周囲の発赤・腫脹・熱感・疼痛）
N09,wound_infection_i3,褥瘡炎症・感染　臨床的定着疑い（創面にぬめりがあり、浸出液が多い。肉芽があれば、浮腫性で脆弱など）※5
N09,wound_infection_i3c,褥瘡炎症・感染　局所の明らかな感染徴候あり（炎症兆候、膿、悪臭など）
N09,wound_infection_i9,褥瘡炎症・感染　全身的影響あり
N09,wound_granulation_g1,褥瘡肉芽組織　良性肉芽が創面の90%以上を占める
N09,wound_granulation_g3,褥瘡肉芽組織　良性肉芽が創面の50%以上90%未満を占める
N09,wound_granulation_g4,褥瘡肉芽組織　良性肉芽が創面の10%以上50%未満を占める
N09,wound_granulation_g5,褥瘡肉芽組織　良性肉芽が創面の10%未満を占める
N09,wound_granulation_g6,褥瘡肉芽組織　良性肉芽が全く形成されていない
N09,wound_necrosis_n3,褥瘡壊死組織　柔らかい壊死組織あり
N09,wound_necrosis_n6,褥瘡壊死組織　硬く厚い密着した壊死組織あり
N09,wound_pocket_p6,褥瘡ポケット　4未満
N09,wound_pocket_p6_4to16,褥瘡ポケット　4以上16未満
N09,wound_pocket_p12,褥瘡ポケット　16以上36未満
N09,wound_pocket_p24,褥瘡ポケット　36以上
N09,has_bedsore_1,褥瘡の有無　あり
N09,has_pain_1,痛みの有無　あり
N09,has_paralysis_1,麻痺の有無　あり
N09,has_kannsetsu_1,関節拘縮の有無　あり
N09,pain_diagram_1,身体状態図（痛み）　レベル1
N09,pain_diagram_2,身体状態図（痛み）　レベル2
N09,pain_diagram_3,身体状態図（痛み）　レベル3
N09,pain_diagram_4,身体状態図（痛み）　レベル4
N09,mahi_diagram_1,身体状態図（麻痺）　レベル1
N09,mahi_diagram_2,身体状態図（麻痺）　レベル2
N09,mahi_diagram_3,身体状態図（麻痺）　レベル3
N09,kan_diagram_1,身体状態図（関節）　レベル1
N09,kan_diagram_2,身体状態図（関節）　レベル2
N09,kan_diagram_3,身体状態図（関節）　レベル3
N09,jokusou_diagram_1,褥瘡図　レベル1
N09,jokusou_diagram_2,褥瘡図　レベル2
N10,swallowing_1,嚥下　お茶や汁物を含ませてしまいむせ込みにくい
N10,swallowing_2,嚥下　口腔移動がうまく、呑み込むにくい
N10,swallowing_3,嚥下　おかゆ・ゼリー・とろみ食でも含ませてしまい呑み込みにくい
N10,swallowing_4,嚥下　嚥下できない
N10,oral_teeth_gum_1,開口　開口には応じないが徒手的に2横指程度開口可能（要注意）
N10,oral_teeth_gum_2,開口　食いしばりや顎関節の拘縮のため開口量が1横指程度（問題あり）
N10,basic1_eating_2,基本動作（身辺動作）　① 食事摂取　少しの助けでできる
N10,basic1_eating_3,基本動作（身辺動作）　① 食事摂取　多くの助けでできる
N10,basic1_eating_4,基本動作（身辺動作）　① 食事摂取　全面依存
N10,basic1_eating_5,基本動作（身辺動作）　① 食事摂取　動作をしていない（能力に関わらず）
N10,basic1_face_hair_1,基本動作（身辺動作）　② 洗顔・整髪・洗髪　見守や助言があればできる
N10,basic1_face_hair_2,基本動作（身辺動作）　② 洗顔・整髪・洗髪　少しの助けでできる
N10,basic1_face_hair_3,基本動作（身辺動作）　② 洗顔・整髪・洗髪　多くの助けでできる
N10,basic1_face_hair_4,基本動作（身辺動作）　② 洗顔・整髪・洗髪　全面依存
N10,basic1_face_hair_5,基本動作（身辺動作）　② 洗顔・整髪・洗髪　動作をしていない（能力に関わらず）
N10,basic1_wipe_1,基本動作（身辺動作）　③ 手足・体の清拭　見守や助言があればできる
N10,basic1_wipe_2,基本動作（身辺動作）　③ 手足・体の清拭　少しの助けでできる
N10,basic1_wipe_3,基本動作（身辺動作）　③ 手足・体の清拭　多くの助けでできる
N10,basic1_wipe_4,基本動作（身辺動作）　③ 手足・体の清拭　全面依存
N10,basic1_wipe_5,基本動作（身辺動作）　③ 手足・体の清拭　動作をしていない（能力に関わらず）
N10,basic1_upper_clothes_1,基本動作（身辺動作）　④ 上着の着脱（更衣）　見守や助言があればできる
N10,basic1_upper_clothes_2,基本動作（身辺動作）　④ 上着の着脱（更衣）　少しの助けでできる
N10,basic1_upper_clothes_3,基本動作（身辺動作）　④ 上着の着脱（更衣）　多くの助けでできる
N10,basic1_upper_clothes_4,基本動作（身辺動作）　④ 上着の着脱（更衣）　全面依存
N10,basic1_upper_clothes_5,基本動作（身辺動作）　④ 上着の着脱（更衣）　動作をしていない（能力に関わらず）
N10,basic1_lower_clothes_1,基本動作（身辺動作）　⑤ パンツ・ズボン・スカート・くつ下の着脱　見守や助言があればできる
N10,basic1_lower_clothes_2,基本動作（身辺動作）　⑤ パンツ・ズボン・スカート・くつ下の着脱　少しの助けでできる
N10,basic1_lower_clothes_3,基本動作（身辺動作）　⑤ パンツ・ズボン・スカート・くつ下の着脱　多くの助けでできる
N10,basic1_lower_clothes_4,基本動作（身辺動作）　⑤ パンツ・ズボン・スカート・くつ下の着脱　全面依存
N10,basic1_lower_clothes_5,基本動作（身辺動作）　⑤ パンツ・ズボン・スカート・くつ下の着脱　動作をしていない（能力に関わらず）
N10,basic1_toilet_1,基本動作（身辺動作）　⑥ トイレ後の始末　見守や助言があればできる
N10,basic1_toilet_2,基本動作（身辺動作）　⑥ トイレ後の始末　少しの助けでできる
N10,basic1_toilet_3,基本動作（身辺動作）　⑥ トイレ後の始末　多くの助けでできる
N10,basic1_toilet_4,基本動作（身辺動作）　⑥ トイレ後の始末　全面依存
N10,basic1_toilet_5,基本動作（身辺動作）　⑥ トイレ後の始末　動作をしていない（能力に関わらず）
N10,basic1_bath_1,基本動作（身辺動作）　⑦ 入浴（体を洗う・シャワーで体を洗う）　見守や助言があればできる
N10,basic1_bath_2,基本動作（身辺動作）　⑦ 入浴（体を洗う・シャワーで体を洗う）　少しの助けでできる
N10,basic1_bath_3,基本動作（身辺動作）　⑦ 入浴（体を洗う・シャワーで体を洗う）　多くの助けでできる
N10,basic1_bath_4,基本動作（身辺動作）　⑦ 入浴（体を洗う・シャワーで体を洗う）　全面依存
N10,basic1_bath_5,基本動作（身辺動作）　⑦ 入浴（体を洗う・シャワーで体を洗う）　動作をしていない（能力に関わらず）
N10,basic2_stand_1,起居動作　⑧ 寝返り　見守や助言があればできる
N10,basic2_stand_2,起居動作　⑧ 寝返り　少しの助けでできる
N10,basic2_stand_3,起居動作　⑧ 寝返り　多くの助けでできる
N10,basic2_stand_4,起居動作　⑧ 寝返り　全面依存
N10,basic2_stand_5,起居動作　⑧ 寝返り　動作をしていない（能力に関わらず）
N10,basic2_getup_1,起居動作　⑨ 起き上がり　見守や助言があればできる
N10,basic2_getup_2,起居動作　⑨ 起き上がり　少しの助けでできる
N10,basic2_getup_3,起居動作　⑨ 起き上がり　多くの助けでできる
N10,basic2_getup_4,起居動作　⑨ 起き上がり　全面依存
N10,basic2_getup_5,起居動作　⑨ 起き上がり　動作をしていない（能力に関わらず）
N10,basic2_sit_1,起居動作　⑩ 座位保持　見守や助言があればできる
N10,basic2_sit_2,起居動作　⑩ 座位保持　少しの助けでできる
N10,basic2_sit_3,起居動作　⑩ 座位保持　多くの助けでできる
N10,basic2_sit_4,起居動作　⑩ 座位保持　全面依存
N10,basic2_sit_5,起居動作　⑩ 座位保持　動作をしていない（能力に関わらず）
N10,basic2_bed_chair_stand_1,起居動作　⑪ ベッド・椅子からの立ち上がり　見守や助言があればできる
N10,basic2_bed_chair_stand_2,起居動作　⑪ ベッド・椅子からの立ち上がり　少しの助けでできる
N10,basic2_bed_chair_stand_3,起居動作　⑪ ベッド・椅子からの立ち上がり　多くの助けでできる
N10,basic2_bed_chair_stand_4,起居動作　⑪ ベッド・椅子からの立ち上がり　全面依存
N10,basic2_bed_chair_stand_5,起居動作　⑪ ベッド・椅子からの立ち上がり　動作をしていない（能力に関わらず）
N10,basic2_both_leg_stand_1,起居動作　⑫ 両足での立位保持　見守や助言があればできる
N10,basic2_both_leg_stand_2,起居動作　⑫ 両足での立位保持　少しの助けでできる
N10,basic2_both_leg_stand_3,起居動作　⑫ 両足での立位保持　多くの助けでできる
N10,basic2_both_leg_stand_4,起居動作　⑫ 両足での立位保持　全面依存
N10,basic2_both_leg_stand_5,起居動作　⑫ 両足での立位保持　動作をしていない（能力に関わらず）
N10,basic3_transfer_1,移乗・移動　⑬ ベッドから車椅子・椅子、車いすからトイレに移乗　見守や助言があればできる
N10,basic3_transfer_2,移乗・移動　⑬ ベッドから車椅子・椅子、車いすからトイレに移乗　少しの助けでできる
N10,basic3_transfer_3,移乗・移動　⑬ ベッドから車椅子・椅子、車いすからトイレに移乗　多くの助けでできる
N10,basic3_transfer_4,移乗・移動　⑬ ベッドから車椅子・椅子、車いすからトイレに移乗　全面依存
N10,basic3_transfer_5,移乗・移動　⑬ ベッドから車椅子・椅子、車いすからトイレに移乗　動作をしていない（能力に関わらず）
N10,basic3_bath_inout_1,移乗・移動　⑭ 浴槽またいでの出入り　見守や助言があればできる
N10,basic3_bath_inout_2,移乗・移動　⑭ 浴槽またいでの出入り　少しの助けでできる
N10,basic3_bath_inout_3,移乗・移動　⑭ 浴槽またいでの出入り　多くの助けでできる
N10,basic3_bath_inout_4,移乗・移動　⑭ 浴槽またいでの出入り　全面依存
N10,basic3_bath_inout_5,移乗・移動　⑭ 浴槽またいでの出入り　動作をしていない（能力に関わらず）
N10,basic3_walk_home_1,移乗・移動　⑮ 家の中の歩行（自力で杖・歩行器・車いす）　見守や助言があればできる
N10,basic3_walk_home_2,移乗・移動　⑮ 家の中の歩行（自力で杖・歩行器・車いす）　少しの助けでできる
N10,basic3_walk_home_3,移乗・移動　⑮ 家の中の歩行（自力で杖・歩行器・車いす）　多くの助けでできる
N10,basic3_walk_home_4,移乗・移動　⑮ 家の中の歩行（自力で杖・歩行器・車いす）　全面依存
N10,basic3_walk_home_5,移乗・移動　⑮ 家の中の歩行（自力で杖・歩行器・車いす）　動作をしていない（能力に関わらず）
N10,basic3_walk_out_1,移乗・移動　⑯ 外での歩行（自力で杖・歩行器・車いす）　見守や助言があればできる
N10,basic3_walk_out_2,移乗・移動　⑯ 外での歩行（自力で杖・歩行器・車いす）　少しの助けでできる
N10,basic3_walk_out_3,移乗・移動　⑯ 外での歩行（自力で杖・歩行器・車いす）　多くの助けでできる
N10,basic3_walk_out_4,移乗・移動　⑯ 外での歩行（自力で杖・歩行器・車いす）　全面依存
N10,basic3_walk_out_5,移乗・移動　⑯ 外での歩行（自力で杖・歩行器・車いす）　動作をしていない（能力に関わらず）
N10,iadl_phone_1,1.電話の利用　いくつかのよく知っている番号であればかけることができる
N10,iadl_phone_2,1.電話の利用　電話にての対応はできるが、かけることはできない
N10,iadl_phone_3,1.電話の利用　まったく電話を使うことができない
N10,iadl_shopping_1,2.日用品の買い物　少額の買い物は自分で行うことができる
N10,iadl_shopping_2,2.日用品の買い物　誰かが付き添ってくれれば買い物ができる
N10,iadl_shopping_3,2.日用品の買い物　まったく買い物はできない
N10,iadl_housework_1,3.食事の支度　材料が用意してあれば、献立を考え、自分が食べる調理ができる
N10,iadl_housework_2,3.食事の支度　材料を用意してあっても、献立を考えて調理することはできない
N10,iadl_housework_3,3.食事の支度　他者に献立や支度、調理をすべてしてもらう
N10,iadl_toilet_1,4.掃除・食器洗いゴミ出し等の家事　食事のあとの食器を洗ったり簡単なことはできる
N10,iadl_toilet_2,4.掃除・食器洗いゴミ出し等の家事　他者の助けがなければ家事をすることができない
N10,iadl_toilet_3,4.掃除・食器洗いゴミ出し等の家事　まったく家事をすることができない
N10,iadl_clean_1,5.洗濯　洗濯機に入れられるが洗剤入れはだめ、取り出してもらえれば干せる
N10,iadl_clean_2,5.洗濯　一連の作業は他者の助けがなければ洗濯をすることができない
N10,iadl_clean_3,5.洗濯　他者に洗濯してもらう、まったく洗濯をすることができない
N10,iadl_move_1,6.移動・外出　タクシーや家族の車を頼んで出かけられるが、電車やバスは利用できない
N10,iadl_move_2,6.移動・外出　付き添いがあれば車や電車・バスを利用することができる
N10,iadl_move_3,6.移動・外出　介助で付き添われてタクシーや自動車で出かけられる
N10,iadl_move_4,6.移動・外出　まったく乗り物で出かけることができない
N10,iadl_money_1,7.金銭の管理　日常の買い物の金銭管理ができる
N10,iadl_money_2,7.金銭の管理　小遣い以外、買い物・銀行の預貯金の処理には付き添いが必要
N10,iadl_money_3,7.金銭の管理　金銭を扱えない、管理もできない
N10,iadl_medicine_1,8.薬の管理　前もって薬カレンダーや服薬ボックスに用意されれば服薬できる
N10,iadl_medicine_2,8.薬の管理　毎回だれかに確認してもらえばできる
N10,iadl_medicine_3,8.薬の管理　自分では服薬、管理ができない
N10,iadl_decision_1,9.冷暖房の管理　他者の助言・見守りがあれば自分で操作ができる
N10,iadl_decision_2,9.冷暖房の管理　他者の判断や介助が必要である
N10,iadl_decision_3,9.冷暖房の管理　判断も操作も全面依存である
N10,communication_level_1,2. コミュニケーション（意思疎通）の程度　ゆっくりと安心した状態であれば自分の意思を伝えられる、相手の意思を理解できる
N10,communication_level_2,2. コミュニケーション（意思疎通）の程度　自分の意思を伝えづらい、相手の意思をあまり理解できない
N10,communication_level_3,2. コミュニケーション（意思疎通）の程度　言葉や非言語･感情の読み取り等全て伝えられない、相手の意思も全く理解できない
N10,conversation_level_2,3. 会話の程度　会話がつながらず途切れる、会話内容が伝わりにくい/言語障害がある
N10,conversation_level_3,3. 会話の程度　会話が全くできない/発語・発音ができない
N10,daily_communication_2,4. 日常意思を伝えられるか　時々伝えられるが、基本的には食事やトイレなど具体的な欲求や事態のみ伝えられる
N10,daily_communication_3,4. 日常意思を伝えられるか　全く意思の伝達はできない、限られた者にのみ理解できるサインがある
N10,daily_judgement_1,5. 日常の判断力・対人調和力　新しい事態や周囲の環境変化に直面した時に混乱する、耳を傾けられない
N10,daily_judgement_2,5. 日常の判断力・対人調和力　落ち着かず、人に助けてもらわないと判断や相手を受け止められず、混乱する
N10,daily_judgement_3,5. 日常の判断力・対人調和力　支離滅裂な状態で全く判断できない・全く話を受け止められない
N10,pain_image_front,痛み 前面あり
N10,pain_image_back,痛み 背面あり
N10,mahi_image_front,麻痺 前面あり
N10,mahi_image_back,麻痺 背面あり
N10,kan_image_front,関節拘縮 前面あり
N11,kan_image_back,関節拘縮 背面あり
N11,basic1_eating_1,基本動作（身辺動作）　① 食事摂取　見守や助言があればできる 
N11,basic1_eating_2,基本動作（身辺動作）　① 食事摂取　少しの助けでできる
N11,basic1_eating_3,基本動作（身辺動作）　① 食事摂取　多くの助けでできる
N11,basic1_eating_4,基本動作（身辺動作）　① 食事摂取　全面依存
N11,basic1_eating_5,基本動作（身辺動作）　① 食事摂取　動作をしていない（能力に関わらず）
N11,basic1_face_hair_1,基本動作（身辺動作）　② 洗顔・整髪・洗髪　見守や助言があればできる
N11,basic1_face_hair_2,基本動作（身辺動作）　② 洗顔・整髪・洗髪　少しの助けでできる
N11,basic1_face_hair_3,基本動作（身辺動作）　② 洗顔・整髪・洗髪　多くの助けでできる
N11,basic1_face_hair_4,基本動作（身辺動作）　② 洗顔・整髪・洗髪　全面依存
N11,basic1_face_hair_5,基本動作（身辺動作）　② 洗顔・整髪・洗髪　動作をしていない（能力に関わらず）
N11,basic1_wipe_1,基本動作（身辺動作）　③ 手足・体の清拭　見守や助言があればできる
N11,basic1_wipe_2,基本動作（身辺動作）　③ 手足・体の清拭　少しの助けでできる
N11,basic1_wipe_3,基本動作（身辺動作）　③ 手足・体の清拭　多くの助けでできる
N11,basic1_wipe_4,基本動作（身辺動作）　③ 手足・体の清拭　全面依存
N11,basic1_wipe_5,基本動作（身辺動作）　③ 手足・体の清拭　動作をしていない（能力に関わらず）
N11,basic1_upper_clothes_1,基本動作（身辺動作）　④ 上着の着脱（更衣）　見守や助言があればできる
N11,basic1_upper_clothes_2,基本動作（身辺動作）　④ 上着の着脱（更衣）　少しの助けでできる
N11,basic1_upper_clothes_3,基本動作（身辺動作）　④ 上着の着脱（更衣）　多くの助けでできる
N11,basic1_upper_clothes_4,基本動作（身辺動作）　④ 上着の着脱（更衣）　全面依存
N11,basic1_upper_clothes_5,基本動作（身辺動作）　④ 上着の着脱（更衣）　動作をしていない（能力に関わらず）
N11,basic1_lower_clothes_1,基本動作（身辺動作）　⑤ パンツ・ズボン・スカート・くつ下の着脱　見守や助言があればできる
N11,basic1_lower_clothes_2,基本動作（身辺動作）　⑤ パンツ・ズボン・スカート・くつ下の着脱　少しの助けでできる
N11,basic1_lower_clothes_3,基本動作（身辺動作）　⑤ パンツ・ズボン・スカート・くつ下の着脱　多くの助けでできる
N11,basic1_lower_clothes_4,基本動作（身辺動作）　⑤ パンツ・ズボン・スカート・くつ下の着脱　全面依存
N11,basic1_lower_clothes_5,基本動作（身辺動作）　⑤ パンツ・ズボン・スカート・くつ下の着脱　動作をしていない（能力に関わらず）
N11,basic1_toilet_1,基本動作（身辺動作）　⑥ トイレ後の始末　見守や助言があればできる
N11,basic1_toilet_2,基本動作（身辺動作）　⑥ トイレ後の始末　少しの助けでできる
N11,basic1_toilet_3,基本動作（身辺動作）　⑥ トイレ後の始末　多くの助けでできる
N11,basic1_toilet_4,基本動作（身辺動作）　⑥ トイレ後の始末　全面依存
N11,basic1_toilet_5,基本動作（身辺動作）　⑥ トイレ後の始末　動作をしていない（能力に関わらず）
N11,basic1_bath_1,基本動作（身辺動作）　⑦ 入浴（体を洗う・シャワーで体を洗う）　見守や助言があればできる
N11,basic1_bath_2,基本動作（身辺動作）　⑦ 入浴（体を洗う・シャワーで体を洗う）　少しの助けでできる
N11,basic1_bath_3,基本動作（身辺動作）　⑦ 入浴（体を洗う・シャワーで体を洗う）　多くの助けでできる
N11,basic1_bath_4,基本動作（身辺動作）　⑦ 入浴（体を洗う・シャワーで体を洗う）　全面依存
N11,basic1_bath_5,基本動作（身辺動作）　⑦ 入浴（体を洗う・シャワーで体を洗う）　動作をしていない（能力に関わらず）
N11,basic2_stand_1,起居動作　⑧ 寝返り　見守や助言があればできる
N11,basic2_stand_2,起居動作　⑧ 寝返り　少しの助けでできる
N11,basic2_stand_3,起居動作　⑧ 寝返り　多くの助けでできる
N11,basic2_stand_4,起居動作　⑧ 寝返り　全面依存
N11,basic2_stand_5,起居動作　⑧ 寝返り　動作をしていない（能力に関わらず）
N11,basic2_getup_1,起居動作　⑨ 起き上がり　見守や助言があればできる
N11,basic2_getup_2,起居動作　⑨ 起き上がり　少しの助けでできる
N11,basic2_getup_3,起居動作　⑨ 起き上がり　多くの助けでできる
N11,basic2_getup_4,起居動作　⑨ 起き上がり　全面依存
N11,basic2_getup_5,起居動作　⑨ 起き上がり　動作をしていない（能力に関わらず）
N11,basic2_sit_1,起居動作　⑩ 座位保持　見守や助言があればできる
N11,basic2_sit_2,起居動作　⑩ 座位保持　少しの助けでできる
N11,basic2_sit_3,起居動作　⑩ 座位保持　多くの助けでできる
N11,basic2_sit_4,起居動作　⑩ 座位保持　全面依存
N11,basic2_sit_5,起居動作　⑩ 座位保持　動作をしていない（能力に関わらず）
N11,basic2_bed_chair_stand_1,起居動作　⑪ ベッド・椅子からの立ち上がり　見守や助言があればできる
N11,basic2_bed_chair_stand_2,起居動作　⑪ ベッド・椅子からの立ち上がり　少しの助けでできる
N11,basic2_bed_chair_stand_3,起居動作　⑪ ベッド・椅子からの立ち上がり　多くの助けでできる
N11,basic2_bed_chair_stand_4,起居動作　⑪ ベッド・椅子からの立ち上がり　全面依存
N11,basic2_bed_chair_stand_5,起居動作　⑪ ベッド・椅子からの立ち上がり　動作をしていない（能力に関わらず）
N11,basic2_both_leg_stand_1,起居動作　⑫ 両足での立位保持　見守や助言があればできる
N11,basic2_both_leg_stand_2,起居動作　⑫ 両足での立位保持　少しの助けでできる
N11,basic2_both_leg_stand_3,起居動作　⑫ 両足での立位保持　多くの助けでできる
N11,basic2_both_leg_stand_4,起居動作　⑫ 両足での立位保持　全面依存
N11,basic2_both_leg_stand_5,起居動作　⑫ 両足での立位保持　動作をしていない（能力に関わらず）
N11,basic3_transfer_1,移乗・移動　⑬ ベッドから車椅子・椅子、車いすからトイレに移乗　見守や助言があればできる
N11,basic3_transfer_2,移乗・移動　⑬ ベッドから車椅子・椅子、車いすからトイレに移乗　少しの助けでできる
N11,basic3_transfer_3,移乗・移動　⑬ ベッドから車椅子・椅子、車いすからトイレに移乗　多くの助けでできる
N11,basic3_transfer_4,移乗・移動　⑬ ベッドから車椅子・椅子、車いすからトイレに移乗　全面依存
N11,basic3_transfer_5,移乗・移動　⑬ ベッドから車椅子・椅子、車いすからトイレに移乗　動作をしていない（能力に関わらず）
N11,basic3_bath_inout_1,移乗・移動　⑭ 浴槽またいでの出入り　見守や助言があればできる
N11,basic3_bath_inout_2,移乗・移動　⑭ 浴槽またいでの出入り　少しの助けでできる
N11,basic3_bath_inout_3,移乗・移動　⑭ 浴槽またいでの出入り　多くの助けでできる
N11,basic3_bath_inout_4,移乗・移動　⑭ 浴槽またいでの出入り　全面依存
N11,basic3_bath_inout_5,移乗・移動　⑭ 浴槽またいでの出入り　動作をしていない（能力に関わらず）
N11,basic3_walk_home_1,移乗・移動　⑮ 家の中の歩行（自力で杖・歩行器・車いす）　見守や助言があればできる
N11,basic3_walk_home_2,移乗・移動　⑮ 家の中の歩行（自力で杖・歩行器・車いす）　少しの助けでできる
N11,basic3_walk_home_3,移乗・移動　⑮ 家の中の歩行（自力で杖・歩行器・車いす）　多くの助けでできる
N11,basic3_walk_home_4,移乗・移動　⑮ 家の中の歩行（自力で杖・歩行器・車いす）　全面依存
N11,basic3_walk_home_5,移乗・移動　⑮ 家の中の歩行（自力で杖・歩行器・車いす）　動作をしていない（能力に関わらず）
N11,basic3_walk_out_1,移乗・移動　⑯ 外での歩行（自力で杖・歩行器・車いす）　見守や助言があればできる
N11,basic3_walk_out_2,移乗・移動　⑯ 外での歩行（自力で杖・歩行器・車いす）　少しの助けでできる
N11,basic3_walk_out_3,移乗・移動　⑯ 外での歩行（自力で杖・歩行器・車いす）　多くの助けでできる
N11,basic3_walk_out_4,移乗・移動　⑯ 外での歩行（自力で杖・歩行器・車いす）　全面依存
N11,basic3_walk_out_5,移乗・移動　⑯ 外での歩行（自力で杖・歩行器・車いす）　動作をしていない（能力に関わらず）
N11,iadl_phone_1,1.電話の利用　いくつかのよく知っている番号であればかけることができる
N11,iadl_phone_2,1.電話の利用　電話にての対応はできるが、かけることはできない
N11,iadl_phone_3,1.電話の利用　まったく電話を使うことができない
N11,iadl_shopping_1,2.日用品の買い物　少額の買い物は自分で行うことができる
N11,iadl_shopping_2,2.日用品の買い物　誰かが付き添ってくれれば買い物ができる
N11,iadl_shopping_3,2.日用品の買い物　まったく買い物はできない
N11,iadl_housework_1,3.食事の支度　材料が用意してあれば、献立を考え、自分が食べる調理ができる
N11,iadl_housework_2,3.食事の支度　材料を用意してあっても、献立を考えて調理することはできない
N11,iadl_housework_3,3.食事の支度　他者に献立や支度、調理をすべてしてもらう
N11,iadl_toilet_1,4.掃除・食器洗いゴミ出し等の家事　食事のあとの食器を洗ったり簡単なことはできる
N11,iadl_toilet_2,4.掃除・食器洗いゴミ出し等の家事　他者の助けがなければ家事をすることができない
N11,iadl_toilet_3,4.掃除・食器洗いゴミ出し等の家事　まったく家事をすることができない
N11,iadl_clean_1,5.洗濯　洗濯機に入れられるが洗剤入れはだめ、取り出してもらえれば干せる
N11,iadl_clean_2,5.洗濯　一連の作業は他者の助けがなければ洗濯をすることができない
N11,iadl_clean_3,5.洗濯　他者に洗濯してもらう、まったく洗濯をすることができない
N11,iadl_move_1,6.移動・外出　タクシーや家族の車を頼んで出かけられるが、電車やバスは利用できない
N11,iadl_move_2,6.移動・外出　付き添いがあれば車や電車・バスを利用することができる
N11,iadl_move_3,6.移動・外出　介助で付き添われてタクシーや自動車で出かけられる
N11,iadl_move_4,6.移動・外出　まったく乗り物で出かけることができない
N11,iadl_money_1,7.金銭の管理　日常の家賃、請求書の支払い、銀行などでの処理・確認ができる
N11,iadl_money_2,7.金銭の管理　小遣い以外、買い物・銀行の預貯金の処理には付き添いが必要
N11,iadl_money_3,7.金銭の管理　金銭を扱えない、管理もできない
N11,iadl_medicine_1,8.薬の管理　前もって薬カレンダーや服薬ボックスに用意されれば服薬できる
N11,iadl_medicine_2,8.薬の管理　毎回だれかに確認してもらえばできる
N11,iadl_medicine_3,8.薬の管理　自分では服薬、管理ができない
N11,iadl_decision_1,9.冷暖房の管理　他者の助言・見守りがあれば自分で操作ができる
N11,iadl_decision_2,9.冷暖房の管理　他者の判断や介助が必要である
N11,iadl_decision_3,9.冷暖房の管理　判断も操作も全面依存である
N11,daily_communication_2,4. 日常意思を伝えられるか　時々伝えられるが、基本的には食事やトイレなど具体的な欲求や事態のみ伝えられる
N11,daily_communication_3,4. 日常意思を伝えられるか　全く意思の伝達はできない、限られた者にのみ理解できるサインがある
N11,daily_judgement_1,5. 日常の判断力・対人調和力　新しい事態や周囲の環境変化に直面した時に混乱する、耳を傾けられない
N11,daily_judgement_2,5. 日常の判断力・対人調和力　落ち着かず、人に助けてもらわないと判断や相手を受け止められず、混乱する
N11,daily_judgement_3,5. 日常の判断力・対人調和力　支離滅裂な状態で全く判断できない・全く話を受け止められない
N11,mahi_image_front,麻痺 前面あり
N11,mahi_image_back,麻痺 背面あり
N11,kan_image_front,関節拘縮 前面あり
N11,kan_image_back,関節拘縮 背面あり
N11,relationship_status_2,対人関係　家族や他者との関係を築くことを望んでいるができない
N11,relationship_status_3,対人関係　家族や他者との関係を築くことを望んでいない
N12,communication_level_1,2.コミュニケーション（意思疎通）の程度　ゆっくりと安心した状態であれば自分の意思を伝えられる、相手の意思を理解できる
N12,communication_level_2,2.コミュニケーション（意思疎通）の程度　自分の意思を伝えづらい、相手の意思をあまり理解できない
N12,communication_level_3,2.コミュニケーション（意思疎通）の程度　言葉や非言語･感情の読み取り等全て伝えられない、相手の意思も全く理解できない
N12,conversation_level_2,3.会話の程度　ほぼ会話はでき、相手に伝わっているが、時々言葉を忘れる
N12,conversation_level_3,3.会話の程度　会話がつながらず途切れる、会話内容が伝わりにくい/言語障害がある
N12,hearing_level_1,4.聴覚の程度・耳からの聞こえ　会話で聞き間違えがある。少し疲れたり、小声の会話に、聞き取り難さを感じる
N12,hearing_level_2,4.聴覚の程度・耳からの聞こえ　テレビの音がかなりうるさい。耳元で大声で聞こえる。補聴器を使わない
N12,hearing_level_3,4.聴覚の程度・耳からの聞こえ　耳元でかなり大声が何とか聞こえるが、聞き分けられない。ほとんど聞こえない
N12,hearing_level_4,4.聴覚の程度・耳からの聞こえ　全く聞こえない
N12,daily_communication_2,4.日常意思を伝えられるか　時々伝えられるが、基本的には食事やトイレなど具体的な欲求や事態のみ伝えられる
N12,daily_communication_3,4.日常意思を伝えられるか　全く意思の伝達はできない、限られた者にのみ理解できるサインがある
N12,daily_judgement_1,5.日常の判断力・対人調和力　新しい事態や周囲の環境変化に直面した時に混乱する、耳を傾けられない
N12,daily_judgement_2,5.日常の判断力・対人調和力　落ち着かず、人に助けてもらわないと判断や相手を受け止められず、混乱する
N12,daily_judgement_3,5.日常の判断力・対人調和力　支離滅裂な状態で全く判断できない・全く話を受け止められない
N12,delirium_signs_a,3.せん妄の兆候　a. 集中力が持ちている、注意力散漫
N12,delirium_signs_b,3.せん妄の兆候　b. 周囲の環境に対する認識が変化しやすい
N12,delirium_signs_c,3.せん妄の兆候　c. 支離滅裂な会話がある
N12,delirium_signs_d,3.せん妄の兆候　d. 運動性の落ち着きのなさや無気力がある
N12,delirium_signs_e,3.せん妄の兆候　e. 認知能力が1日の中で変化する
N13,visual_ability_1,1.視力の程度（コンタクトレンズ・メガネ使用可） 大きな文字のみ読める
N13,visual_ability_2,1.視力の程度（コンタクトレンズ・メガネ使用可） 視力に限界があり文字が読めないが、周辺の映像はわかる
N13,visual_ability_3,1.視力の程度（コンタクトレンズ・メガネ使用可） ほとんど見えない
N13,visual_condition_a,2.視覚の状態（ありの場合、複数選択可）　a.見える範囲が限定されている（うっすら見える～全く見えない）
N13,visual_condition_b,2.視覚の状態（ありの場合、複数選択可）　b.形の識別がつかない・視界の一部が欠ける・ゆがんでいる・中心だけが見える
N13,visual_condition_c,2.視覚の状態（ありの場合、複数選択可）　c.光がまぶしく目を閉じてしまう
N13,visual_condition_d,2.視覚の状態（ありの場合、複数選択可）　d.薄い色の識別ができない、特定の色が見えない
N13,visual_condition_e,2.視覚の状態（ありの場合、複数選択可）　e.暗いと物が見えづらい、通常より暗く見える
N14,social_participation_1_c,社会参加意欲　月に数回外出するがそれ以外の時は1人でいる、家族や知人に会うのは月に何回かである。月に1〜2回
N14,social_participation_1_d,社会参加意欲　親戚や近隣・社会交流・社会的接触を全くしていない、デイケア等にも行っていない、昨年より外出が減った
N14,enjoyment_1_なし,楽しみ/社会活動　となり近所・知り合い・同窓会・訓練会などに出かけ楽しみたい　なし
N14,enjoyment_2_なし,楽しみ/社会活動　個人で楽しみたい　なし
N14,enjoyment_3_なし,楽しみ/社会活動　家族で楽しみたい　なし
N14,relationship_status_2,対人関係　家族や友人、介護サービス関係者、近隣等との関係　家族や他人との関係を築くことを望んでいるができない
N14,relationship_status_3,対人関係　家族や友人、介護サービス関係者、近隣等との関係　家族や他人との関係を築くことを望んでいない
N14,consultation_status_1,相談の有無　相手・支援者がいないので日常生活に支障があり、支援者がいると助かる
N14,supporter_family,支援者　家族
N14,supporter_friend,支援者　友人
N14,supporter_minsei,支援者　民生委員
N14,supporter_center,支援者　センター
N14,supporter_service_staff,支援者　サービス職員
N14,supporter_neighbor,支援者　近隣
N14,supporter_volunteer,支援者　ボランティア
N14,supporter_guardian,支援者　後見人
N14,supporter_delivery,支援者　配食等
N14,supporter_public,支援者　公的
N14,supporter_religious,支援者　宗教
N14,supporter_other_flag,支援者　その他
N14,iadl_phone_1,1.電話の利用　いくつかのよく知っている番号であればかけることができる
N14,iadl_phone_2,1.電話の利用　電話にての対応はできるが、かけることはできない
N14,iadl_phone_3,1.電話の利用　まったく電話を使うことができない
N14,iadl_shopping_1,2.日用品の買い物　少額の買い物は自分で行うことができる
N14,iadl_shopping_2,2.日用品の買い物　誰かが付き添ってくれれば買い物ができる
N14,iadl_shopping_3,2.日用品の買い物　まったく買い物はできない
N14,iadl_housework_1,3.食事の支度　材料が用意してあれば、献立を考え、自分が食べる調理ができる
N14,iadl_housework_2,3.食事の支度　材料を用意してあっても、献立を考えて調理することはできない
N14,iadl_housework_3,3.食事の支度　他者に献立や支度、調理をすべてしてもらう
N14,iadl_toilet_1,4.掃除・食器洗いゴミ出し等の家事　食事のあとの食器を洗ったり簡単なことはできる
N14,iadl_toilet_2,4.掃除・食器洗いゴミ出し等の家事　他者の助けがなければ家事をすることができない
N14,iadl_toilet_3,4.掃除・食器洗いゴミ出し等の家事　まったく家事をすることができない
N14,iadl_clean_1,5.洗濯　洗濯機に入れられるが洗剤入れはだめ、取り出してもらえれば干せる
N14,iadl_clean_2,5.洗濯　一連の作業は他者の助けがなければ洗濯をすることができない
N14,iadl_clean_3,5.洗濯　他者に洗濯してもらう、まったく洗濯をすることができない
N14,iadl_move_1,6.移動・外出　タクシーや家族の車を頼んで出かけられるが、電車やバスは利用できない
N14,iadl_move_2,6.移動・外出　付き添いがあれば車や電車・バスを利用することができる
N14,iadl_move_3,6.移動・外出　介助で付き添われてタクシーや自動車で出かけられる
N14,iadl_move_4,6.移動・外出　まったく乗り物で出かけることができない
N14,iadl_money_1,7.金銭の管理　日常の家賃、請求書の支払い、銀行などでの処理・確認ができる
N14,iadl_money_2,7.金銭の管理　小遣い以外、買い物・銀行の預貯金の処理には付き添いが必要
N14,iadl_money_3,7.金銭の管理　金銭を扱えない、管理もできない
N14,iadl_medicine_1,8.薬の管理　前もって薬カレンダーや服薬ボックスに用意されれば服薬できる
N14,iadl_medicine_2,8.薬の管理　毎回だれかに確認してもらえばできる
N14,iadl_medicine_3,8.薬の管理　自分では服薬、管理ができない
N14,iadl_decision_1,9.冷暖房の管理　他者の助言・見守りがあれば自分で操作ができる
N14,iadl_decision_2,9.冷暖房の管理　他者の判断や介助が必要である
N14,iadl_decision_3,9.冷暖房の管理　判断も操作も全面依存である
N14,conversation_level_2,3.会話の程度　ほぼ会話はでき、相手に伝わっているが、時々言葉を忘れる
N14,conversation_level_3,3.会話の程度　会話がつながらず途切れる、会話内容が伝わりにくい/言語障害がある
N14,hearing_level_1,4.聴覚の程度・耳からの聞こえ　会話で聞き間違えがある。少し疲れたり、小声の会話に、聞き取り難さを感じる
N14,hearing_level_2,4.聴覚の程度・耳からの聞こえ　テレビの音がかなりうるさい。耳元で大声で聞こえる。補聴器を使わない
N14,hearing_level_3,4.聴覚の程度・耳からの聞こえ　耳元でかなり大声が何とか聞こえるが、聞き分けられない。ほとんど聞こえない
N14,hearing_level_4,4.聴覚の程度・耳からの聞こえ　全く聞こえない
N15,daily_communication_2,4.日常意思を伝えられるか　時々伝えられるが、基本的には食事やトイレなど具体的な欲求や事態のみ伝えられる
N15,daily_communication_3,4.日常意思を伝えられるか　全く意思の伝達はできない、限られた者にのみ理解できるサインがある
N15,daily_judgement_1,5.日常の判断力・対人調和力　新しい事態や周囲の環境変化に直面した時に混乱する、耳を傾けられない
N15,daily_judgement_2,5.日常の判断力・対人調和力　落ち着かず、人に助けてもらわないと判断や相手を受け止められず、混乱する
N15,daily_judgement_3,5.日常の判断力・対人調和力　支離滅裂な状態で全く判断できない・全く話を受け止められない
N15,delirium_signs_a,3.せん妄の兆候　a. 集中力が持ちている、注意力散漫
N15,delirium_signs_b,3.せん妄の兆候　b. 周囲の環境に対する認識が変化しやすい
N15,delirium_signs_c,3.せん妄の兆候　c. 支離滅裂な会話がある
N15,delirium_signs_d,3.せん妄の兆候　d. 運動性の落ち着きのなさや無気力がある
N15,delirium_signs_e,3.せん妄の兆候　e. 認知能力が1日の中で変化する
N15,nutrition_self_management_b,認知症高齢者の日常生活自立度　I.何らかの認知症を有するが、日常生活は家庭内及び社会的にほぼ自立している
N15,nutrition_self_management_c,認知症高齢者の日常生活自立度　IIa.家庭外で、日常生活に支障を来たすような症状・行動や意思疎通の困難さが多少みられても、誰かが注意していれば自立できる
N15,nutrition_self_management_d,認知症高齢者の日常生活自立度　IIb.家庭内で、日常生活に支障を来たすような症状・行動や意思疎通の困難さが多少みられても、誰かが注意していれば自立できる
N15,nutrition_self_management_e,認知症高齢者の日常生活自立度　Ⅲa.日中を中心として、日常生活に支障をきたすような症状・行動や意思疎通の困難さがみられ、介護を必要とする
N15,nutrition_self_management_f,認知症高齢者の日常生活自立度　Ⅲb.夜間を中心として、日常生活に支障をきたすような症状・行動や意思疎通の困難さがみられ、介護を必要とする
N15,nutrition_self_management_g,認知症高齢者の日常生活自立度　Ⅳ.日常生活に支障を来たすような症状・行動が意思疎通の困難さが頻繁にみられ、常に介護を必要とする
N15,nutrition_self_management_h,認知症高齢者の日常生活自立度　M.著しい精神症状や問題行動あるいは重篤な身体疾患がみられ、専門医療を必要とする
N15,dementia_level_Ⅰ,認知症高齢者の日常生活自立度　Ⅰ.何らかの認知症を有するが、日常生活は家庭内及び社会的にほぼ自立している
N15,dementia_level_Ⅱa,認知症高齢者の日常生活自立度　Ⅱa.家庭外で、日常生活に支障を来たすような症状・行動や意思疎通の困難さが多少みられても、誰かが注意していれば自立できる
N15,dementia_level_Ⅱb,認知症高齢者の日常生活自立度　Ⅱb.家庭内で、日常生活に支障を来たすような症状・行動や意思疎通の困難さが多少みられても、誰かが注意していれば自立できる
N15,dementia_level_Ⅲa,認知症高齢者の日常生活自立度　Ⅲa.日中を中心として、日常生活に支障をきたすような症状・行動や意思疎通の困難さがみられ、介護を必要とする
N15,dementia_level_Ⅲb,認知症高齢者の日常生活自立度　Ⅲb.夜間を中心として、日常生活に支障をきたすような症状・行動や意思疎通の困難さがみられ、介護を必要とする
N15,dementia_level_Ⅳ,認知症高齢者の日常生活自立度　Ⅳ.日常生活に支障を来たすような症状・行動が意思疎通の困難さが頻繁にみられ、常に介護を必要とする
N15,dementia_level_M,認知症高齢者の日常生活自立度　M.著しい精神症状や問題行動あるいは重篤な身体疾患がみられ、専門医療を必要とする
N15,emotion_level_2,病気のとらえ方について　疑問を感じても質問せず治療中
N15,emotion_level_3,病気のとらえ方について　理解乏しく治療を中断している
N15,emotion_level_4,病気のとらえ方について　治療を拒否/不満を表す
N15,a_positive_count,うつ的状態についてA陽性数（2以上）
N15,npiq_delusion_1,妄想　	明らかに誤った内容を信じ、周りが訂正しても受け入れられない考えのこと。誰かにいやがらせをされている(被害妄想)、周囲のことが何でも自分に関係していると思う(関係妄想)等がある　軽度
N15,npiq_delusion_2,妄想　	明らかに誤った内容を信じ、周りが訂正しても受け入れられない考えのこと。誰かにいやがらせをされている(被害妄想)、周囲のことが何でも自分に関係していると思う(関係妄想)等がある　中等度
N15,npiq_delusion_3,妄想　	明らかに誤った内容を信じ、周りが訂正しても受け入れられない考えのこと。誰かにいやがらせをされている(被害妄想)、周囲のことが何でも自分に関係していると思う(関係妄想)等がある　重度
N15,npiq_hallucination_1,幻覚　実態がなく他人には認識できないが、本人には感じ取れる感覚のこと。自分の悪口やうわさ、指図する声等が聞こえる幻聴が多い　軽度　
N15,npiq_hallucination_2,幻覚　実態がなく他人には認識できないが、本人には感じ取れる感覚のこと。自分の悪口やうわさ、指図する声等が聞こえる幻聴が多い　中等度
N15,npiq_hallucination_3,幻覚　実態がなく他人には認識できないが、本人には感じ取れる感覚のこと。自分の悪口やうわさ、指図する声等が聞こえる幻聴が多い　重度
N15,npiq_agitation_1,興奮　介助を拒んだり、扱いにくい時がある（ケアの抵抗）　軽度
N15,npiq_agitation_2,興奮　介助を拒んだり、扱いにくい時がある（ケアの抵抗）　中等度
N15,npiq_agitation_3,興奮　介助を拒んだり、扱いにくい時がある（ケアの抵抗）　重度
N15,npiq_depression_1,うつ　悲しそうであったり、落ち込んでいるように見えたり、そのように言ったりする　軽度
N15,npiq_depression_2,うつ　悲しそうであったり、落ち込んでいるように見えたり、そのように言ったりする　中等度
N15,npiq_depression_3,うつ　悲しそうであったり、落ち込んでいるように見えたり、そのように言ったりする　重度
N15,npiq_anxiety_1,不安　落ち着かない、息苦しさ、ため息、リラックスできない、過度に緊張している等の神経質さを示す　軽度
N15,npiq_anxiety_2,不安　落ち着かない、息苦しさ、ため息、リラックスできない、過度に緊張している等の神経質さを示す　中等度
N15,npiq_anxiety_3,不安　落ち着かない、息苦しさ、ため息、リラックスできない、過度に緊張している等の神経質さを示す　重度
N15,npiq_euphoria_1,多幸　過度に機嫌がよかったり、幸せそうであることがある　軽度
N15,npiq_euphoria_2,多幸　過度に機嫌がよかったり、幸せそうであることがある　中等度
N15,npiq_euphoria_3,多幸　過度に機嫌がよかったり、幸せそうであることがある　重度
N15,npiq_apathy_1,無関心　	自身の日常生活や、他人の活動や計画に関心がなくなってきているように見受けられる　軽度
N15,npiq_apathy_2,無関心　	自身の日常生活や、他人の活動や計画に関心がなくなってきているように見受けられる　中等度
N15,npiq_apathy_3,無関心　	自身の日常生活や、他人の活動や計画に関心がなくなってきているように見受けられる　重度
N15,npiq_disinhibition_1,脱抑制　知らない人にあたかも知人のように話しかけたり、他人の感情を傷つけることを言ったりする（暴言）　軽度
N15,npiq_disinhibition_2,脱抑制　知らない人にあたかも知人のように話しかけたり、他人の感情を傷つけることを言ったりする（暴言）　中等度
N15,npiq_disinhibition_3,脱抑制　知らない人にあたかも知人のように話しかけたり、他人の感情を傷つけることを言ったりする（暴言）　重度
N15,npiq_irritability_1,易刺激性(暴行)　気難しく怒りっぽい、計画が遅れたり待たされたりすることが、我慢できなくなったりする（暴行）　軽度
N15,npiq_irritability_2,易刺激性(暴行)　気難しく怒りっぽい、計画が遅れたり待たされたりすることが、我慢できなくなったりする（暴行）　中等度
N15,npiq_irritability_3,易刺激性(暴行)　気難しく怒りっぽい、計画が遅れたり待たされたりすることが、我慢できなくなったりする（暴行）　重度
N15,npiq_abnormal_behavior_1,異常行動　部屋の中を行ったり来たり(徘徊)、ボタンやヒモをいじるなど、同じ行為をくり返す、不潔行為　軽度
N15,npiq_abnormal_behavior_2,異常行動　部屋の中を行ったり来たり(徘徊)、ボタンやヒモをいじるなど、同じ行為をくり返す、不潔行為　中等度
N15,npiq_abnormal_behavior_3,異常行動　部屋の中を行ったり来たり(徘徊)、ボタンやヒモをいじるなど、同じ行為をくり返す、不潔行為　重度
N15,npiq_night_behavior_1,夜間行動　夜になると出歩く　軽度
N15,npiq_night_behavior_2,夜間行動　夜になると出歩く　中等度
N15,npiq_night_behavior_3,夜間行動　夜になると出歩く　重度
N15,npiq_eating_behavior_1,食の行動　過食･拒食･異食行動　軽度
N15,npiq_eating_behavior_2,食の行動　過食･拒食･異食行動　中等度
N15,npiq_eating_behavior_3,食の行動　過食･拒食･異食行動　重度
N15,gaf_score,GAFスコア　1～70
N15,gaf_score_1_9,GAFスコア　1～9
N15,gaf_score_10_19,GAFスコア　10～19
N15,gaf_score_20_29,GAFスコア　20～29
N15,gaf_score_30_39,GAFスコア　30～39
N15,gaf_score_40_49,GAFスコア　40～49
N15,gaf_score_50_59,GAFスコア　50～59
N15,gaf_score_60_70,GAFスコア　60～70
N15,yes_no_select_1,定期に通院中又は往診(訪問診療)を利用し、セルフコントロールができていますか？　いいえ
N15,no_reason_a,定期に通院中又は往診(訪問診療)を利用し、セルフコントロールができていますか？　いいえ（通院が必要だが、定期に受診しないことがある、予約できない）
N15,no_reason_b,定期に通院中又は往診(訪問診療)を利用し、セルフコントロールができていますか？　いいえ（通院中だが1人で通院できない、付き添えば受診できる）
N15,no_reason_c,定期に通院中又は往診(訪問診療)を利用し、セルフコントロールができていますか？　いいえ（治療の必要があるが、症状が強く付き添っても通院できる状況にない）
N15,no_reason_d,定期に通院中又は往診(訪問診療)を利用し、セルフコントロールができていますか？　いいえ（治療や通院は不必要と思い受診を拒否する）
N15,no_reason_e,定期に通院中又は往診(訪問診療)を利用し、セルフコントロールができていますか？　いいえ（同じ疾患で複数の医療機関に受診している、受診先が一貫しない）
N15,no_reason_f,定期に通院中又は往診(訪問診療)を利用し、セルフコントロールができていますか？　いいえ（在宅医療・訪問看護資源が不十分・治療計画が不十分）
N15,m_health_1_2,毎日の生活に充実感がありますか　いいえ
N15,m_health_2_2,これまで楽しんでやれていたことが、今も楽しんでできていますか　いいえ
N15,m_health_3_1,以前は楽にできていたことが、今はおっくうに感じられますか　はい
N15,m_health_4_2,自分が役に立つと考えられますか　いいえ
N15,m_health_5_1,わけもなく疲れたような感じがしますか　はい
N15,m_health_depressive_2plus,うつ的状態が２項目以上
N15,m_health_6_1,死について何度も考えることがありますか　はい
N15,m_health_7_1,自殺について考えることがありますか　はい
N16,abuse_injury_2,創傷の発生（身体的虐待）　既に治った創傷はあるが新たなものはない
N16,abuse_injury_3,創傷の発生（身体的虐待）　様々な治癒段階の傷や骨折がある
N16,abuse_injury_4,創傷の発生（身体的虐待）　多くの創傷や骨折がある
N16,neglect_hygiene_2,身体の不衛生（ケアの放置）　既に治った発疹・感染はあるが新たなものはない
N16,neglect_hygiene_3,身体の不衛生（ケアの放置）　不衛生による発疹や感染が様々にある
N16,neglect_hygiene_4,身体の不衛生（ケアの放置）　多くの不衛生による発疹や感染がある
N16,psychological_abuse_2,言葉による攻撃や否定的メッセージの持続（心理的虐待）　過去言葉の攻撃や否定的メッセージがあったが新たなものはない
N16,psychological_abuse_3,言葉による攻撃や否定的メッセージの持続（心理的虐待）　時に言葉の攻撃または否定的メッセージをおこなっている
N16,psychological_abuse_4,言葉による攻撃や否定的メッセージの持続（心理的虐待）　数多く言葉の攻撃または否定的メッセージをおこなっている
N16,neglect_care_2,介護等世話の放棄（ネグレクト）/ 拘束　過去介護放棄・拘束の状態があったが新たなものはない
N16,neglect_care_3,介護等世話の放棄（ネグレクト）/ 拘束　時に介護を放棄・拘束している
N16,neglect_care_4,介護等世話の放棄（ネグレクト）/ 拘束　殆ど介護されず放棄・拘束状態となっている
N16,sexual_abuse_2,性的暴力　過去性的暴力にあったが新たなものはない
N16,sexual_abuse_3,性的暴力　時に性的暴力をおこなっている
N16,sexual_abuse_4,性的暴力　頻繁に性的暴力をおこなっている
N16,financial_abuse_2,金銭的な受け渡しの参加　過去に金銭的な受け渡しのトラブルにあったが新たなものはない
N16,financial_abuse_3,金銭的な受け渡しの参加　時に金銭的な受け渡しのトラブル行為が周囲により行われている
N16,financial_abuse_4,金銭的な受け渡しの参加  頻繁に金銭的な受け渡しのトラブル行為がおこなわれている
N16,m_health_1_2,毎日の生活に充実感がありますか　いいえ
N16,m_health_2_2,これまで楽しんでやれていたことが、今も楽しんでできていますか　いいえ
N16,m_health_3_1,以前は楽にできていたことが、今はおっくうに感じられますか　はい
N16,m_health_4_2,自分が役に立つと考えられますか　いいえ
N16,m_health_5_1,わけもなく疲れたような感じがしますか　はい
N16,m_health_depressive_2plus,うつ的状態が２項目以上
N16,m_health_6_1,死について何度も考えることがありますか　はい
N16,m_health_7_1,自殺について考えることがありますか　はい
N16,pain_image_front,痛み 前面 あり
N16,pain_image_back,痛み 背面 あり
N16,a_positive_count,うつ的状態についてのA陽性数（2以上）
N16,pain_1,②痛み（0:問題なく活動～10:これ以上耐えられない）　1
N16,pain_2,②痛み（0:問題なく活動～10:これ以上耐えられない）　2
N16,pain_3,②痛み（0:問題なく活動～10:これ以上耐えられない）　3
N16,pain_4,②痛み（0:問題なく活動～10:これ以上耐えられない）　4
N16,pain_5,②痛み（0:問題なく活動～10:これ以上耐えられない）　5
N16,pain_6,②痛み（0:問題なく活動～10:これ以上耐えられない）　6
N16,pain_7,②痛み（0:問題なく活動～10:これ以上耐えられない）　7
N16,pain_8,②痛み（0:問題なく活動～10:これ以上耐えられない）　8
N16,pain_9,②痛み（0:問題なく活動～10:これ以上耐えられない）　9
N16,pain_10,②痛み（0:問題なく活動～10:これ以上耐えられない）　10
N16,numbness_1,③しびれ（0:問題なく活動～10:これ以上耐えられない）　1
N16,numbness_2,③しびれ（0:問題なく活動～10:これ以上耐えられない）　2
N16,numbness_3,③しびれ（0:問題なく活動～10:これ以上耐えられない）　3
N16,numbness_4,③しびれ（0:問題なく活動～10:これ以上耐えられない）　4
N16,numbness_5,③しびれ（0:問題なく活動～10:これ以上耐えられない）　5
N16,numbness_6,③しびれ（0:問題なく活動～10:これ以上耐えられない）　6
N16,numbness_7,③しびれ（0:問題なく活動～10:これ以上耐えられない）　7
N16,numbness_8,③しびれ（0:問題なく活動～10:これ以上耐えられない）　8
N16,numbness_9,③しびれ（0:問題なく活動～10:これ以上耐えられない）　9
N16,numbness_10,③しびれ（0:問題なく活動～10:これ以上耐えられない）　10
N16,drowsiness_1,④眠け（0:問題なく活動～10:これ以上耐えられない）　1
N16,drowsiness_2,④眠け（0:問題なく活動～10:これ以上耐えられない）　2
N16,drowsiness_3,④眠け（0:問題なく活動～10:これ以上耐えられない）　3
N16,drowsiness_4,④眠け（0:問題なく活動～10:これ以上耐えられない）　4
N16,drowsiness_5,④眠け（0:問題なく活動～10:これ以上耐えられない）　5
N16,drowsiness_6,④眠け（0:問題なく活動～10:これ以上耐えられない）　6
N16,drowsiness_7,④眠け（0:問題なく活動～10:これ以上耐えられない）　7
N16,drowsiness_8,④眠け（0:問題なく活動～10:これ以上耐えられない）　8
N16,drowsiness_9,④眠け（0:問題なく活動～10:これ以上耐えられない）　9
N16,drowsiness_10,④眠け（0:問題なく活動～10:これ以上耐えられない）　10
N16,fatigue_score_1,⑤だるさ（0:問題なく活動～10:これ以上耐えられない）　1
N16,fatigue_score_2,⑤だるさ（0:問題なく活動～10:これ以上耐えられない）　2
N16,fatigue_score_3,⑤だるさ（0:問題なく活動～10:これ以上耐えられない）　3
N16,fatigue_score_4,⑤だるさ（0:問題なく活動～10:これ以上耐えられない）　4
N16,fatigue_score_5,⑤だるさ（0:問題なく活動～10:これ以上耐えられない）　5
N16,fatigue_score_6,⑤だるさ（0:問題なく活動～10:これ以上耐えられない）　6
N16,fatigue_score_7,⑤だるさ（0:問題なく活動～10:これ以上耐えられない）　7
N16,fatigue_score_8,⑤だるさ（0:問題なく活動～10:これ以上耐えられない）　8
N16,fatigue_score_9,⑤だるさ（0:問題なく活動～10:これ以上耐えられない）　9
N16,fatigue_score_10,⑤だるさ（0:問題なく活動～10:これ以上耐えられない）　10
N16,shortness_of_breath_1,⑥息切れ（0:問題なく活動～10:これ以上耐えられない）　1
N16,shortness_of_breath_2,⑥息切れ（0:問題なく活動～10:これ以上耐えられない）　2
N16,shortness_of_breath_3,⑥息切れ（0:問題なく活動～10:これ以上耐えられない）　3
N16,shortness_of_breath_4,⑥息切れ（0:問題なく活動～10:これ以上耐えられない）　4
N16,shortness_of_breath_5,⑥息切れ（0:問題なく活動～10:これ以上耐えられない）　5
N16,shortness_of_breath_6,⑥息切れ（0:問題なく活動～10:これ以上耐えられない）　6
N16,shortness_of_breath_7,⑥息切れ（0:問題なく活動～10:これ以上耐えられない）　7
N16,shortness_of_breath_8,⑥息切れ（0:問題なく活動～10:これ以上耐えられない）　8
N16,shortness_of_breath_9,⑥息切れ（0:問題なく活動～10:これ以上耐えられない）　9
N16,shortness_of_breath_10,⑥息切れ（0:問題なく活動～10:これ以上耐えられない）　10
N16,loss_of_appetite_1,⑦食欲不振（0:問題なく活動～10:これ以上耐えられない）　1
N16,loss_of_appetite_2,⑦食欲不振（0:問題なく活動～10:これ以上耐えられない）　2
N16,loss_of_appetite_3,⑦食欲不振（0:問題なく活動～10:これ以上耐えられない）　3
N16,loss_of_appetite_4,⑦食欲不振（0:問題なく活動～10:これ以上耐えられない）　4
N16,loss_of_appetite_5,⑦食欲不振（0:問題なく活動～10:これ以上耐えられない）　5
N16,loss_of_appetite_6,⑦食欲不振（0:問題なく活動～10:これ以上耐えられない）　6
N16,loss_of_appetite_7,⑦食欲不振（0:問題なく活動～10:これ以上耐えられない）　7
N16,loss_of_appetite_8,⑦食欲不振（0:問題なく活動～10:これ以上耐えられない）　8
N16,loss_of_appetite_9,⑦食欲不振（0:問題なく活動～10:これ以上耐えられない）　9
N16,loss_of_appetite_10,⑦食欲不振（0:問題なく活動～10:これ以上耐えられない）　10
N16,nausea_1,⑧吐き気（0:問題なく活動～10:これ以上耐えられない）　1
N16,nausea_2,⑧吐き気（0:問題なく活動～10:これ以上耐えられない）　2
N16,nausea_3,⑧吐き気（0:問題なく活動～10:これ以上耐えられない）　3
N16,nausea_4,⑧吐き気（0:問題なく活動～10:これ以上耐えられない）　4
N16,nausea_5,⑧吐き気（0:問題なく活動～10:これ以上耐えられない）　5
N16,nausea_6,⑧吐き気（0:問題なく活動～10:これ以上耐えられない）　6
N16,nausea_7,⑧吐き気（0:問題なく活動～10:これ以上耐えられない）　7
N16,nausea_8,⑧吐き気（0:問題なく活動～10:これ以上耐えられない）　8
N16,nausea_9,⑧吐き気（0:問題なく活動～10:これ以上耐えられない）　9
N16,nausea_10,⑧吐き気（0:問題なく活動～10:これ以上耐えられない）　10
N16,sleep_1,⑨睡眠（0:問題なく活動～10:これ以上耐えられない）　1
N16,sleep_2,⑨睡眠（0:問題なく活動～10:これ以上耐えられない）　2
N16,sleep_3,⑨睡眠（0:問題なく活動～10:これ以上耐えられない）　3
N16,sleep_4,⑨睡眠（0:問題なく活動～10:これ以上耐えられない）　4
N16,sleep_5,⑨睡眠（0:問題なく活動～10:これ以上耐えられない）　5
N16,sleep_6,⑨睡眠（0:問題なく活動～10:これ以上耐えられない）　6
N16,sleep_7,⑨睡眠（0:問題なく活動～10:これ以上耐えられない）　7
N16,sleep_8,⑨睡眠（0:問題なく活動～10:これ以上耐えられない）　8
N16,sleep_9,⑨睡眠（0:問題なく活動～10:これ以上耐えられない）　9
N16,sleep_10,⑨睡眠（0:問題なく活動～10:これ以上耐えられない）　10
N16,emotional_distress_0,⑩気持ちのつらさ（0:問題なく活動～10:これ以上耐えられない）　0
N16,emotional_distress_1,⑩気持ちのつらさ（0:問題なく活動～10:これ以上耐えられない）　1
N16,emotional_distress_2,⑩気持ちのつらさ（0:問題なく活動～10:これ以上耐えられない）　2
N16,emotional_distress_3,⑩気持ちのつらさ（0:問題なく活動～10:これ以上耐えられない）　3
N16,emotional_distress_4,⑩気持ちのつらさ（0:問題なく活動～10:これ以上耐えられない）　4
N16,emotional_distress_5,⑩気持ちのつらさ（0:問題なく活動～10:これ以上耐えられない）　5
N16,emotional_distress_6,⑩気持ちのつらさ（0:問題なく活動～10:これ以上耐えられない）　6
N16,emotional_distress_7,⑩気持ちのつらさ（0:問題なく活動～10:これ以上耐えられない）　7
N16,emotional_distress_8,⑩気持ちのつらさ（0:問題なく活動～10:これ以上耐えられない）　8
N16,emotional_distress_9,⑩気持ちのつらさ（0:問題なく活動～10:これ以上耐えられない）　9
N16,emotional_distress_10,⑩気持ちのつらさ（0:問題なく活動～10:これ以上耐えられない）　10
N17,alcohol_problem_1,飲酒の問題　過去にトラブルあり
N17,alcohol_problem_2,飲酒の問題　現在トラブルあり
N17,alcohol_problem_3,飲酒の問題　10年以上の多量飲酒
N17,m_health_6_1,死について何度も考えることがありますか　はい
N17,m_health_7_1,自殺について考えることがありますか　はい
N17,npiq_delusion_1,妄想(明らかに誤った内容を信じ、周りが訂正しても受け入れられない考えのこと。誰かにいやがらせをされている(被害妄想)、周囲のことが何でも自分に関係していると思う(関係妄想)等がある)　軽度
N17,npiq_delusion_2,妄想(明らかに誤った内容を信じ、周りが訂正しても受け入れられない考えのこと。誰かにいやがらせをされている(被害妄想)、周囲のことが何でも自分に関係していると思う(関係妄想)等がある)　中等度
N17,npiq_delusion_3,妄想(明らかに誤った内容を信じ、周りが訂正しても受け入れられない考えのこと。誰かにいやがらせをされている(被害妄想)、周囲のことが何でも自分に関係していると思う(関係妄想)等がある)　重度
N17,npiq_hallucination_1,幻覚(実態がなく他人には認識できないが、本人には感じ取れる感覚のこと。自分の悪口やうわさ、指図する声等が聞こえる幻聴が多い)　軽度
N17,npiq_hallucination_2,幻覚(実態がなく他人には認識できないが、本人には感じ取れる感覚のこと。自分の悪口やうわさ、指図する声等が聞こえる幻聴が多い)　中等度
N17,npiq_hallucination_3,幻覚(実態がなく他人には認識できないが、本人には感じ取れる感覚のこと。自分の悪口やうわさ、指図する声等が聞こえる幻聴が多い)　重度
N17,npiq_agitation_1,興奮(介助を拒んだり、扱いにくい時がある（ケアの抵抗）)　軽度
N17,npiq_agitation_2,興奮(介助を拒んだり、扱いにくい時がある（ケアの抵抗）)　中等度
N17,npiq_agitation_3,興奮(介助を拒んだり、扱いにくい時がある（ケアの抵抗）)　重度
N17,npiq_depression_1,うつ(悲しそうであったり、落ち込んでいるように見えたり、そのように言ったりする)　軽度
N17,npiq_depression_2,うつ(悲しそうであったり、落ち込んでいるように見えたり、そのように言ったりする)　中等度
N17,npiq_depression_3,うつ(悲しそうであったり、落ち込んでいるように見えたり、そのように言ったりする)　重度
N17,npiq_anxiety_1,不安(落ち着かない、息苦しさ、ため息、リラックスできない、過度に緊張している等の神経質さを示す)　軽度
N17,npiq_anxiety_2,不安(落ち着かない、息苦しさ、ため息、リラックスできない、過度に緊張している等の神経質さを示す)　中等度
N17,npiq_anxiety_3,不安(落ち着かない、息苦しさ、ため息、リラックスできない、過度に緊張している等の神経質さを示す)　重度
N17,npiq_euphoria_1,多幸(過度に機嫌がよかったり、幸せそうであることがある)　軽度
N17,npiq_euphoria_2,多幸(過度に機嫌がよかったり、幸せそうであることがある)　中等度
N17,npiq_euphoria_3,多幸(過度に機嫌がよかったり、幸せそうであることがある)　重度
N17,npiq_apathy_1,無関心(自身の日常生活や、他人の活動や計画に関心がなくなってきているように見受けられる)　軽度
N17,npiq_apathy_2,無関心(自身の日常生活や、他人の活動や計画に関心がなくなってきているように見受けられる)　中等度
N17,npiq_apathy_3,無関心(自身の日常生活や、他人の活動や計画に関心がなくなってきているように見受けられる)　重度
N17,npiq_disinhibition_1,脱抑制(知らない人にあたかも知人のように話しかけたり、他人の感情を傷つけることを言ったりする（暴言）)　軽度
N17,npiq_disinhibition_2,脱抑制(知らない人にあたかも知人のように話しかけたり、他人の感情を傷つけることを言ったりする（暴言）)　中等度
N17,npiq_disinhibition_3,脱抑制(知らない人にあたかも知人のように話しかけたり、他人の感情を傷つけることを言ったりする（暴言）)　重度
N17,npiq_irritability_1,易刺激性(気難しく怒りっぽい、計画が遅れたり待たされたりすることが、我慢できなくなったりする（暴行）)　軽度
N17,npiq_irritability_2,易刺激性(気難しく怒りっぽい、計画が遅れたり待たされたりすることが、我慢できなくなったりする（暴行）)　中等度
N17,npiq_irritability_3,易刺激性(気難しく怒りっぽい、計画が遅れたり待たされたりすることが、我慢できなくなったりする（暴行）)　重度
N17,npiq_abnormal_behavior_1,異常行動(部屋の中を行ったり来たり(徘徊)、ボタンやヒモをいじるなど、同じ行為をくり返す、不潔行為)　軽度
N17,npiq_abnormal_behavior_2,異常行動(部屋の中を行ったり来たり(徘徊)、ボタンやヒモをいじるなど、同じ行為をくり返す、不潔行為)　中等度
N17,npiq_abnormal_behavior_3,異常行動(部屋の中を行ったり来たり(徘徊)、ボタンやヒモをいじるなど、同じ行為をくり返す、不潔行為)　重度
N17,npiq_night_behavior_1,夜間行動(夜になると出歩く)　軽度
N17,npiq_night_behavior_2,夜間行動(夜になると出歩く)　中等度
N17,npiq_night_behavior_3,夜間行動(夜になると出歩く)　重度
N17,npiq_eating_behavior_1,食の行動(過食･拒食･異食行動)　軽度
N17,npiq_eating_behavior_2,食の行動(過食･拒食･異食行動)　中等度
N17,npiq_eating_behavior_3,食の行動(過食･拒食･異食行動)　重度
N17,yes_no_select_1,定期に通院中又は往診(訪問診療)を利用し、セルフコントロールができていますか？　いいえ
N17,no_reason_a,定期に通院中又は往診(訪問診療)を利用し、セルフコントロールができていますか？　いいえ（通院が必要だが、定期に受診しないことがある、予約できない）
N17,no_reason_b,定期に通院中又は往診(訪問診療)を利用し、セルフコントロールができていますか？　いいえ（通院中だが1人で通院できない、付き添えば受診できる）
N17,no_reason_c,定期に通院中又は往診(訪問診療)を利用し、セルフコントロールができていますか？　いいえ（治療の必要があるが、症状が強く付き添っても通院できる状況にない）
N17,no_reason_d,定期に通院中又は往診(訪問診療)を利用し、セルフコントロールができていますか？　いいえ（治療や通院は不必要と思い受診を拒否する）
N17,no_reason_e,定期に通院中又は往診(訪問診療)を利用し、セルフコントロールができていますか？　いいえ（同じ疾患で複数の医療機関に受診している、受診先が一貫しない）
N17,no_reason_f,定期に通院中又は往診(訪問診療)を利用し、セルフコントロールができていますか？　いいえ（在宅医療・訪問看護資源が不十分・治療計画が不十分）
N18,urination_status_1,尿の状態　問題あり(血が混じっている・濁っている・フワフワ浮いているものがある・強い尿臭あり)
N18,defecation_status_a,便の状態　問題あり　コロコロ便
N18,defecation_status_b,便の状態　問題あり　凸凹した硬い便
N18,defecation_status_c,便の状態　問題あり　軟らかすぎていない状態
N18,defecation_status_d,便の状態　問題あり　水様便
N18,defecation_status_e,便の状態　問題あり　色がついている便（あざやかな赤色、白色、黒色、鉛色、黄色、赤褐色）
N18,frailty_exist_1,高齢による衰弱　あり
N18,dementia_exist_1,認知症　あり
N18,cancer_exist_1,悪性新生物（がん）　あり
N18,circulatory_exist_1,脳血管・循環器疾患　あり
N18,bone_exist_1,骨折・転倒・関節疾患、足・足趾・爪・下肢の循環等の状態　あり
N18,leg_circulation_exist_1,その他の疾患　あり
N18,dementia_detail_1,認知症　①アルツハイマー
N18,dementia_detail_2,認知症　②血管型
N18,dementia_detail_3,認知症　③レビー小体型
N18,dementia_detail_4,認知症　④軽度認知障害
N18,dementia_other,認知症　その他（記述）
N18,cancer_detail_1,悪性新生物　①大腸
N18,cancer_detail_2,悪性新生物　②胃
N18,cancer_detail_3,悪性新生物　③気管・気管支・肺
N18,cancer_detail_4,悪性新生物　④乳房
N18,cancer_detail_5,悪性新生物　⑤前立腺
N18,cancer_detail_6,悪性新生物　⑥子宮
N18,cancer_detail_7,悪性新生物　⑦肝
N18,cancer_other,悪性新生物　その他（記述）
N18,circulatory_freewrite_input,脳血管・循環器疾患　詳細（記述）
N18,bone_detail_1,骨折・関節等　①脊椎障害
N18,bone_detail_2,骨折・関節等　②関節リュウマチ
N18,bone_detail_3,骨折・関節等　③関節症・関節炎
N18,bone_detail_4,骨折・関節等　④腰痛・坐骨神経痛
N18,bone_detail_5,骨折・関節等　⑤骨折・転倒
N18,bone_detail_6,骨折・関節等　⑥足の巻き爪・爪肥厚・爪白癬等
N18,bone_detail_7,骨折・関節等　⑦その他病名
N18,bone_other,骨折・関節等　その他（記述）
N18,leg_circulation_freewrite_input,その他の疾患　詳細（記述） 
N18,doctor_diagnosis_note,主治医の診断名・治療方針・生活指導の状況（記述） 
N18,strange_feeling_1,何かが変だ　いつもと表情が違う・視線が違う・声の調子が違う・体の動き、動作が普段と違う等
N18,vital_respiration_1,呼吸数　平均値より頻回・少ない回数
N18,vital_spo2_1,SpO2　平均値より高値・低値
N18,vital_temp_1,体温　高値・低値（悪寒・戦慄）
N18,vital_bp_1,血圧　平均値より高値・低値
N18,vital_pulse_1,脈拍　50以下・91以上
N18,consciousness_level_1,意識レベル　覚醒だが（多弁、不要な言動、表情の変化）
N18,consciousness_level_2,意識レベル　意識なし
N18,skin_changes_1,皮膚の変化　冷汗・湿潤・末梢冷汗・チアノーゼ
N18,dyspnea_grade_1,呼吸（グレード分類）　平坦な道を早足で歩く、あるいは穏やかな上り坂を歩く時に息切れがある
N18,dyspnea_grade_2,呼吸（グレード分類）　息切れがあるので、同年代の人よりも平坦な道を歩くのがおそい、あるいは平坦な道を自分のペースで歩いているとき、息切れのために立ち止まることがある
N18,dyspnea_grade_3,呼吸（グレード分類）　平坦な道を約90ｍ、あるいは数分歩くと息切れのために立ち止まる
N18,dyspnea_grade_4,呼吸（グレード分類）　息切れがひどく家から出られない、あるいは衣服の着替えをするときにも息切れがある、寝ている時にある
N18,nyha_class_II,NYHA心機能分類　心疾患を有し、そのために身体活動が軽度から中等度制限がある。安静時には無症状。日常的な身体活動で疲労・動悸・呼吸困難・狭心症状を生じる
N18,nyha_class_III,NYHA心機能分類　心疾患を有し、身体活動が高度に制限される。安静時には無症状。日常的な身体活動以下の労作で疲労・動悸・呼吸困難・狭心症状を生じる
N18,nyha_class_IV,NYHA心機能分類　心疾患を有し、いかなる身体活動も制限される。心不全症状狭心痛が安静時にも存在する。わずかな労作でこれらの症状は増悪する
N18,pain_image_front,痛み 前面あり
N18,pain_image_back,痛み 背面あり
N19,skin_condition_1,創傷　傷が治るために盛り上がった肉のかたまりができている
N19,skin_condition_2,創傷　盛り上がった新しい肉のかたまりができはじめたばかり
N19,skin_condition_3,創傷　治療はしていない、放置状態である
N19,nutrition_exist_1,栄養　あり
N19,injection_exist_1,注射　あり
N19,catheter_exist_1,カテーテル　あり
N19,tracheotomy_exist_1,気管切開　あり
N19,respiration_exist_1,呼吸　あり
N19,dialysis_exist_1,透析　あり
N19,stoma_exist_1,ストーマ　あり
N19,wound_exist_1,創傷処置　あり
N19,pain_management_exist_1,疼痛管理　あり
N19,self_measurement_exist_1,自己測定　あり
N19,oral_care_exist_1, 	口腔･う歯･歯肉　あり
N19,drug_management_exist_1,薬剤管理　あり
N19,rehab_equipment_exist_1,リハビリ機器使用　あり
N19,rehab_aids_exist_1,リハビリ補助具　あり
N19,wound_depth_d1,褥瘡深さ　損傷する危険
N19,wound_depth_d2,褥瘡深さ　真皮までの損傷
N19,wound_depth_d3,褥瘡深さ　皮下組織までの損傷
N19,wound_depth_d4,褥瘡深さ　皮下組織を超える損傷
N19,wound_depth_d5,褥瘡深さ　関節腔、体腔に至る損傷
N19,wound_depth_dti,褥瘡深さ　深部損傷疑い(DTI)
N19,wound_depth_du,褥瘡深さ　壊死組織で覆われ深さの判定が不能
N19,wound_exudate_e1,褥瘡滲出液　少量・毎日のドレッシング交換をしない
N19,wound_exudate_e3,褥瘡滲出液　中等量・1日1回のドレッシング交換を必要とする
N19,wound_exudate_e6,褥瘡滲出液　多量・1日2回以上のドレッシング交換を必要とする
N19,wound_size_s3,褥瘡大きさ　4未満（長径cm×短径（長径と直行する最長径）cm）
N19,wound_size_s6,褥瘡大きさ　4以上16未満
N19,wound_size_s8,褥瘡大きさ　16以上36未満
N19,wound_size_s9,褥瘡大きさ　36以上64未満
N19,wound_size_s12,褥瘡大きさ　64以上100未満
N19,wound_size_s15,褥瘡大きさ　100以上
N19,wound_infection_i1,褥瘡炎症・感染　局所の炎症兆候あり（創周囲の発赤・腫脹・熱感・疼痛）
N19,wound_infection_i3,褥瘡炎症・感染　臨床的定着疑い（創面にぬめりがあり、浸出液が多い。肉芽があれば、浮腫性で脆弱など）※5
N19,wound_infection_i3c,褥瘡炎症・感染　局所の明らかな感染徴候あり（炎症兆候、膿、悪臭など）
N19,wound_infection_i9,褥瘡炎症・感染　全身的影響あり
N19,wound_granulation_g1,褥瘡肉芽組織　良性肉芽が創面の90%以上を占める
N19,wound_granulation_g3,褥瘡肉芽組織　良性肉芽が創面の50%以上90%未満を占める
N19,wound_granulation_g4,褥瘡肉芽組織　良性肉芽が創面の10%以上50%未満を占める
N19,wound_granulation_g5,褥瘡肉芽組織　良性肉芽が創面の10%未満を占める
N19,wound_granulation_g6,褥瘡肉芽組織　良性肉芽が全く形成されていない
N19,wound_necrosis_n3,褥瘡壊死組織　柔らかい壊死組織あり
N19,wound_necrosis_n6,褥瘡壊死組織　硬く厚い密着した壊死組織あり
N19,wound_pocket_p6,褥瘡ポケット　4未満
N19,wound_pocket_p6_4to16,褥瘡ポケット　4以上16未満
N19,wound_pocket_p12,褥瘡ポケット　16以上36未満
N19,wound_pocket_p24,褥瘡ポケット　36以上
N20,induction_consultation_1,1.医師が余命６ケ月以内またはエンドオブライフ期と判断されましたか はい
N20,body_activity_1,①身体活動（0:問題なく活動～10:これ以上耐えられない）　1
N20,body_activity_2,①身体活動（0:問題なく活動～10:これ以上耐えられない）　2
N20,body_activity_3,①身体活動（0:問題なく活動～10:これ以上耐えられない）　3
N20,body_activity_4,①身体活動（0:問題なく活動～10:これ以上耐えられない）　4
N20,body_activity_5,①身体活動（0:問題なく活動～10:これ以上耐えられない）　5
N20,body_activity_6,①身体活動（0:問題なく活動～10:これ以上耐えられない）　6
N20,body_activity_7,①身体活動（0:問題なく活動～10:これ以上耐えられない）　7
N20,body_activity_8,①身体活動（0:問題なく活動～10:これ以上耐えられない）　8
N20,body_activity_9,①身体活動（0:問題なく活動～10:これ以上耐えられない）　9
N20,body_activity_10,①身体活動（0:問題なく活動～10:これ以上耐えられない）　10
N20,pain_1,②痛み（0:問題なく活動～10:これ以上耐えられない）　1
N20,pain_2,②痛み（0:問題なく活動～10:これ以上耐えられない）　2
N20,pain_3,②痛み（0:問題なく活動～10:これ以上耐えられない）　3
N20,pain_4,②痛み（0:問題なく活動～10:これ以上耐えられない）　4
N20,pain_5,②痛み（0:問題なく活動～10:これ以上耐えられない）　5
N20,pain_6,②痛み（0:問題なく活動～10:これ以上耐えられない）　6
N20,pain_7,②痛み（0:問題なく活動～10:これ以上耐えられない）　7
N20,pain_8,②痛み（0:問題なく活動～10:これ以上耐えられない）　8
N20,pain_9,②痛み（0:問題なく活動～10:これ以上耐えられない）　9
N20,pain_10,②痛み（0:問題なく活動～10:これ以上耐えられない）　10
N20,numbness_1,③しびれ（0:問題なく活動～10:これ以上耐えられない）　1
N20,numbness_2,③しびれ（0:問題なく活動～10:これ以上耐えられない）　2
N20,numbness_3,③しびれ（0:問題なく活動～10:これ以上耐えられない）　3
N20,numbness_4,③しびれ（0:問題なく活動～10:これ以上耐えられない）　4
N20,numbness_5,③しびれ（0:問題なく活動～10:これ以上耐えられない）　5
N20,numbness_6,③しびれ（0:問題なく活動～10:これ以上耐えられない）　6
N20,numbness_7,③しびれ（0:問題なく活動～10:これ以上耐えられない）　7
N20,numbness_8,③しびれ（0:問題なく活動～10:これ以上耐えられない）　8
N20,numbness_9,③しびれ（0:問題なく活動～10:これ以上耐えられない）　9
N20,numbness_10,③しびれ（0:問題なく活動～10:これ以上耐えられない）　10
N20,drowsiness_1,④眠け（0:問題なく活動～10:これ以上耐えられない）　1
N20,drowsiness_2,④眠け（0:問題なく活動～10:これ以上耐えられない）　2
N20,drowsiness_3,④眠け（0:問題なく活動～10:これ以上耐えられない）　3
N20,drowsiness_4,④眠け（0:問題なく活動～10:これ以上耐えられない）　4
N20,drowsiness_5,④眠け（0:問題なく活動～10:これ以上耐えられない）　5
N20,drowsiness_6,④眠け（0:問題なく活動～10:これ以上耐えられない）　6
N20,drowsiness_7,④眠け（0:問題なく活動～10:これ以上耐えられない）　7
N20,drowsiness_8,④眠け（0:問題なく活動～10:これ以上耐えられない）　8
N20,drowsiness_9,④眠け（0:問題なく活動～10:これ以上耐えられない）　9
N20,drowsiness_10,④眠け（0:問題なく活動～10:これ以上耐えられない）　10
N20,fatigue_score_1,⑤だるさ（0:問題なく活動～10:これ以上耐えられない）　1
N20,fatigue_score_2,⑤だるさ（0:問題なく活動～10:これ以上耐えられない）　2
N20,fatigue_score_3,⑤だるさ（0:問題なく活動～10:これ以上耐えられない）　3
N20,fatigue_score_4,⑤だるさ（0:問題なく活動～10:これ以上耐えられない）　4
N20,fatigue_score_5,⑤だるさ（0:問題なく活動～10:これ以上耐えられない）　5
N20,fatigue_score_6,⑤だるさ（0:問題なく活動～10:これ以上耐えられない）　6
N20,fatigue_score_7,⑤だるさ（0:問題なく活動～10:これ以上耐えられない）　7
N20,fatigue_score_8,⑤だるさ（0:問題なく活動～10:これ以上耐えられない）　8
N20,fatigue_score_9,⑤だるさ（0:問題なく活動～10:これ以上耐えられない）　9
N20,fatigue_score_10,⑤だるさ（0:問題なく活動～10:これ以上耐えられない）　10
N20,shortness_of_breath_1,⑥息切れ（0:問題なく活動～10:これ以上耐えられない）　1
N20,shortness_of_breath_2,⑥息切れ（0:問題なく活動～10:これ以上耐えられない）　2
N20,shortness_of_breath_3,⑥息切れ（0:問題なく活動～10:これ以上耐えられない）　3
N20,shortness_of_breath_4,⑥息切れ（0:問題なく活動～10:これ以上耐えられない）　4
N20,shortness_of_breath_5,⑥息切れ（0:問題なく活動～10:これ以上耐えられない）　5
N20,shortness_of_breath_6,⑥息切れ（0:問題なく活動～10:これ以上耐えられない）　6
N20,shortness_of_breath_7,⑥息切れ（0:問題なく活動～10:これ以上耐えられない）　7
N20,shortness_of_breath_8,⑥息切れ（0:問題なく活動～10:これ以上耐えられない）　8
N20,shortness_of_breath_9,⑥息切れ（0:問題なく活動～10:これ以上耐えられない）　9
N20,shortness_of_breath_10,⑥息切れ（0:問題なく活動～10:これ以上耐えられない）　10
N20,loss_of_appetite_1,⑦食欲不振（0:問題なく活動～10:これ以上耐えられない）　1
N20,loss_of_appetite_2,⑦食欲不振（0:問題なく活動～10:これ以上耐えられない）　2
N20,loss_of_appetite_3,⑦食欲不振（0:問題なく活動～10:これ以上耐えられない）　3
N20,loss_of_appetite_4,⑦食欲不振（0:問題なく活動～10:これ以上耐えられない）　4
N20,loss_of_appetite_5,⑦食欲不振（0:問題なく活動～10:これ以上耐えられない）　5
N20,loss_of_appetite_6,⑦食欲不振（0:問題なく活動～10:これ以上耐えられない）　6
N20,loss_of_appetite_7,⑦食欲不振（0:問題なく活動～10:これ以上耐えられない）　7
N20,loss_of_appetite_8,⑦食欲不振（0:問題なく活動～10:これ以上耐えられない）　8
N20,loss_of_appetite_9,⑦食欲不振（0:問題なく活動～10:これ以上耐えられない）　9
N20,loss_of_appetite_10,⑦食欲不振（0:問題なく活動～10:これ以上耐えられない）　10
N20,nausea_1,⑧吐き気（0:問題なく活動～10:これ以上耐えられない）　1
N20,nausea_2,⑧吐き気（0:問題なく活動～10:これ以上耐えられない）　2
N20,nausea_3,⑧吐き気（0:問題なく活動～10:これ以上耐えられない）　3
N20,nausea_4,⑧吐き気（0:問題なく活動～10:これ以上耐えられない）　4
N20,nausea_5,⑧吐き気（0:問題なく活動～10:これ以上耐えられない）　5
N20,nausea_6,⑧吐き気（0:問題なく活動～10:これ以上耐えられない）　6
N20,nausea_7,⑧吐き気（0:問題なく活動～10:これ以上耐えられない）　7
N20,nausea_8,⑧吐き気（0:問題なく活動～10:これ以上耐えられない）　8
N20,nausea_9,⑧吐き気（0:問題なく活動～10:これ以上耐えられない）　9
N20,nausea_10,⑧吐き気（0:問題なく活動～10:これ以上耐えられない）　10
N20,sleep_1,⑨睡眠（0:問題なく活動～10:これ以上耐えられない）　1
N20,sleep_2,⑨睡眠（0:問題なく活動～10:これ以上耐えられない）　2
N20,sleep_3,⑨睡眠（0:問題なく活動～10:これ以上耐えられない）　3
N20,sleep_4,⑨睡眠（0:問題なく活動～10:これ以上耐えられない）　4
N20,sleep_5,⑨睡眠（0:問題なく活動～10:これ以上耐えられない）　5
N20,sleep_6,⑨睡眠（0:問題なく活動～10:これ以上耐えられない）　6
N20,sleep_7,⑨睡眠（0:問題なく活動～10:これ以上耐えられない）　7
N20,sleep_8,⑨睡眠（0:問題なく活動～10:これ以上耐えられない）　8
N20,sleep_9,⑨睡眠（0:問題なく活動～10:これ以上耐えられない）　9
N20,sleep_10,⑨睡眠（0:問題なく活動～10:これ以上耐えられない）　10
N20,emotional_distress_1,⑩気持ちのつらさ（0:問題なく活動～10:これ以上耐えられない）　1
N20,emotional_distress_2,⑩気持ちのつらさ（0:問題なく活動～10:これ以上耐えられない）　2
N20,emotional_distress_3,⑩気持ちのつらさ（0:問題なく活動～10:これ以上耐えられない）　3
N20,emotional_distress_4,⑩気持ちのつらさ（0:問題なく活動～10:これ以上耐えられない）　4
N20,emotional_distress_5,⑩気持ちのつらさ（0:問題なく活動～10:これ以上耐えられない）　5
N20,emotional_distress_6,⑩気持ちのつらさ（0:問題なく活動～10:これ以上耐えられない）　6
N20,emotional_distress_7,⑩気持ちのつらさ（0:問題なく活動～10:これ以上耐えられない）　7
N20,emotional_distress_8,⑩気持ちのつらさ（0:問題なく活動～10:これ以上耐えられない）　8
N20,emotional_distress_9,⑩気持ちのつらさ（0:問題なく活動～10:これ以上耐えられない）　9
N20,emotional_distress_10,⑩気持ちのつらさ（0:問題なく活動～10:これ以上耐えられない）　10
N20,emergency_transport_wish_b,最期を迎えるときに救急搬送を希望しますか？　施設で充分頑張ったので、最後は自宅で過ごしたい（救急搬送なし）
N20,emergency_transport_wish_c,最期を迎えるときに救急搬送を希望しますか？　ホスピス・緩和ケア病棟に搬送してほしい
N20,emergency_transport_wish_d,最期を迎えるときに救急搬送を希望しますか？　老人ホーム（有料）・看護小規模多機能型居宅介護に搬送
N20,emergency_transport_wish_e,最期を迎えるときに救急搬送を希望しますか？　病院に搬送して欲しい
N20,emergency_transport_wish_f,最期を迎えるときに救急搬送を希望しますか？　まだ決まっていない
N20,acceptance_individual_1,①本人:終末期の受入れ あり
N21,room_cleanliness_1b,居室の清潔　掃除はされず、ごみが散らかっている
N21,room_cleanliness_2a,居室の清潔　室内は汚く、ごみや排泄物で不衛生な状態
N21,physical_activity_1,1年以内のり患　あり
N21,disease_type_a,1年以内のり患　肺炎
N21,disease_type_b,1年以内のり患　鼻咽炎（水痘・たむし・カンジダ・毛包炎・毛嚢炎など）
N21,disease_type_c,1年以内のり患　インフルエンザ
N21,disease_type_d,1年以内のり患　新型コロナ        
N21,disease_type_e,1年以内のり患　エイズ
N21,disease_type_f,1年以内のり患　ウイルス性肝炎
N21,disease_type_g,1年以内のり患　動物（ヒトやペンダー）に咬まれた
N21,disease_type_h,1年以内のり患　虫刺咬
N21,disease_type_i,1年以内のり患　蜂毒
N21,disease_type_j,1年以内のり患　その他
N21,infection_control_2,感染対策　自身の感染症に理解はあるが、他人への感染には心がけない
N21,infection_control_3,感染対策　ケア提供者からの治療や感染管理を受け取るが、自分から治療や予防管理はしない
N21,infection_control_4,感染対策　治療計画や感染ガイドラインに従うことを拒否している、できない状態
N21,vital_respiration_1,呼吸数　平均値より頻回・少ない回数
N21,vital_bp_1,血圧　平均値より高値・低値
N21,vital_pulse_1,脈拍　50以下・91以上
N22,life_prolongation_palliative_care,緩和ケアを希望
N22,life_prolongation_no_prolongation,延命処置を望まない
N22,med_have_1,薬　あり（風邪・ｲﾝﾌﾙｴﾝｻﾞ･ｺﾛﾅ）　
N22,med_have_2,薬　あり（熱と痛みの薬）　
N22,med_have_3,薬　あり（花粉症/呼吸器の薬）　
N22,med_have_4,薬　あり（皮膚の薬）　
N22,med_have_5,薬　あり（胃腸の薬）　
N22,med_have_6,薬　あり（肝・胆・膵の薬）　
N22,med_have_7,薬　あり（血圧と脳卒中）　
N22,med_have_8,薬　あり（心臓の薬）　
N22,med_have_9,薬　あり（腎臓・泌尿・痔）　
N22,med_have_10,薬　あり（脳に働く薬）　
N22,med_have_11,薬　あり（心の薬）　
N22,med_have_12,薬　あり（脂質異常の薬）　
N22,med_have_13,薬　あり（糖尿病の薬）　
N22,med_have_14,薬　あり（痛風と甲状腺）　
N22,med_have_15,薬　あり（骨の薬）　
N22,med_have_16,薬　あり（血液と血管）　
N22,med_have_17,薬　あり（膠原病とリュウマチ）　
N22,med_have_18,薬　あり（眼の薬）　
N22,med_have_19,薬　あり（耳と鼻の薬）　
N22,med_have_20,薬　あり（細菌感染症薬）　
N22,med_have_21,薬　あり（女性の薬）　
N22,med_have_22,薬　あり（ﾋﾞﾀﾐﾝ･ﾐﾈﾗﾙ･栄養）　
N22,med_have_23,薬　あり（漢方薬）　
N22,med_have_24,薬　あり（その他(売薬・塗布薬含む)）　
N22,side_effect_1,副作用 あり
N22,medicine_usage_1,薬の飲み方　自分で管理し使用できない
N22,medicine_detail_a,薬の飲み方　薬の飲み方を自己判断でやめたり、薬をためている、複数受診や売薬が多数ある
N22,medicine_detail_b,薬の飲み方　薬剤数が5剤以上に調整されるよう医師・薬剤師に提案されていない（ポリファーマシー）
N22,medicine_detail_c,薬の飲み方　服用や使用に不安や抵抗感・疑問などあるが、医師・薬剤師に相談していない
N22,medicine_detail_d,薬の飲み方　拘縮・変形・嚥下困難で、1人では使用ができない
N22,medicine_detail_e,薬の飲み方　一包化したり、飲みにくい薬や塗布薬を、負担にならない様に調整されていない
N22,medicine_detail_f,薬の飲み方　症状により飲み分ける緩下剤・睡眠剤・鎮痛剤などが別分包されていない
N22,medicine_detail_g,薬の飲み方　服用することを忘れる、薬カレンダーやケースを使用しているが正確に使用できていない・誤薬がある
N22,medicine_detail_h,薬の飲み方　売薬を飲んだり、つけたりし症状が改善しなくても受診していない、長期連用･過剰摂取が心配される
N22,drug_abuse_1,薬物乱用/向精神薬過剰服用 あり
N23,fall_count,①転倒・転落  あり
N23,fall_anxiety_1,②転倒の不安　あり
N23,fall_anxiety_2,②転倒の不安　不安ありで閉じこもっている
N23,fracture_1,骨折の有無　あり
N23,fracture_cause_fall	0, ①転倒による
N23,fracture_cause_other,②非転倒性
N23,fracture_count,a. 40歳以降の過去の骨折
N23,height_decrease,b. 25歳以降の身長に比べ低くなった
N23,back_curved,c. 背中や腰が曲がってきた
N23,back_pain,d. 背中や腰に痛みを感じる
N23,drug_abuse_1,薬物乱用/向精神薬過剰服用 あり
N23,choking_risk_1,	体温調節機能（温度）･皮膚感覚の低下　あり
N23,abuse_evaluation_1,虐待総合評価　あり
N23,kodokushi_feeling_2,孤立死　感じる
N23,kodokushi_feeling_3,孤立死　とても感じる
N23,fire_water_negligence_1,火や水道の不始末　あり
N23,news_risk_1,NEWS評価（バイタル評価）　中リスク（合計5～6点・もしくはredscoreが一つでもある場合）
N23,news_risk_2,NEWS評価（バイタル評価）　高リスク（合計7点以上・もしくはredscoreが一つでもある場合）
N23,dehydration_prevention_1,熱中症・脱水予防　食事をきちんととらない・こまめな補水不足・運動・入浴前後の水分不足・発熱・過度の発汗・おう吐・下痢状態が複数状態認められる
N23,abnormal_behavior_severity_1,特異行動の重症度評価　軽度（1~5点）
N23,abnormal_behavior_severity_2,特異行動の重症度評価　中等度（6~14点）
N23,abnormal_behavior_severity_3,特異行動の重症度評価　重度（15点以上）
